Φοβάμαι μην ακουμπήσω τα βυζιά,NEGATIVE,FEAR
Μετάφραση: Την είχε βγάλει η μάνα της στο κλαρί,NEGATIVE,DISGUST
ΦΤΟΥ ΣΑΣ MeToo,NEGATIVE,ANGER
Κλάμα 😭,NEGATIVE,SADNESS
Η συγκλονιστική ιστορία πίσω από το Black Box Diaries,NEUTRAL,SURPRISE
Κυκλοφορεί το ντοκιμαντέρ,NEUTRAL,NO-EMOTION
Τα καρπούζακια στο Ελληνικό Τουίτερ άρχισαν να μιλάνε για την τρομοκρατική επίθεση του Ισραήλ στους δικαωματιστές μουλάδες του Ιράν ή όχι ακόμα?,NEGATIVE,ANGER
Το νού σας ρεμάλια,NEGATIVE,ANGER
Σε κάθε ανδρίκελο που σηκώνει το χέρι του σε γυναίκα ευχόμαστε ολόψυχα,NEGATIVE,ANGER
ΚΟΥΛΑΜΑΡΑ,NEGATIVE,ANGER
Να του ξεραίνεται το χέρι,NEGATIVE,ANGER
Να μη μπορεί να το ξαναχρησιμοποιήσει ούτε για να πιάσει να βγάλει το πουλί του από το βρακί του για κατούρημα,NEGATIVE,ANGER
Ήπια σε βρίσκω,NEUTRAL,SURPRISE
Εγώ εύχομαι κακό ψόφο,NEGATIVE,ANGER
Ήπιο εννοείς,NEUTRAL,SURPRISE
Ήπια στον χαρακτηρισμό για τα γομάρια που χτυπάνε τις γυναίκες τους,NEGATIVE,ANGER
Ήπιος είμαι,NEUTRAL,SURPRISE
Ακόμα και ο χαρακτηρισμός είναι γένους αρσενικού,NEGATIVE,ANGER
Ήπιος για σένα ο χαρακτηρισμός ήπιος και ο χρήστης δηλαδή εγώ,NEUTRAL,NO-EMOTION
συμφωνώ,POSITIVE,JOY
"Οι παιδόφιλοι ""γαμιάδες"" του Μητσοτάκη, τα κολλητάρια, οι σύμβουλοι και οι φίλοι Λιγνάκης,Γεωργιάδης",NEGATIVE,DISGUST
Φίλε μου η ξεφτυλισμένη δικαιοσύνη που επιτρέπει σε τέτοια δίποδα κτήνη να είναι ελεύθερα και να ξανακάνουν τα ίδια,NEGATIVE,ANGER
Ο κάθε εγκληματίας Μητσοτάκης και η συμμορία του δεν θα έκαναν τίποτε αν υπήρχαν άξιοι δικαστές,NEGATIVE,ANGER
"Ένα καθεστώς όμως χρειάζεται δικαιοσύνη, ΜΜΕ και σώματα ασφαλείας",NEGATIVE,ANGER
Έχει μιλήσει με Γκλέτσο και Βουλτέψη,NEUTRAL,NO-EMOTION
😯Με Μητσοτάκη για ελιές,NEGATIVE,ANGER
Δεν έχουν ξεβλαχέψει και κάνουν καλιστεία με γυναίκες όχι σαν την Ευρώπη πχια,NEGATIVE,ANGER
MeToo: Οι Δημοσιογράφοι Χωρίς Σύνορα ζητούν από τα κράτη να προστατεύουν τους δημοσιογράφους που ασχολούνται με τα δικαιώματα των γυναικών,POSITIVE,JOY
Να κατοχυρωθεί ο όρος ανδροκτονία,NEGATIVE,ANGER
Μετρηθήκαμε και βρεθήκαμε λιγότεροι αδέρφια μου,NEGATIVE,SADNESS
Φεμινισμός και metoo:Ο καρκίνος της κοινωνίας,NEGATIVE,ANGER
Έκκληση για να συμπληρωθεί το ποσό για τα δικαστικά έξοδα της 12χρονης,NEGATIVE,SADNESS
Όποιος έχει τη διάθεση να συνεισφέρει θα είναι σημαντικό ,POSITIVE,JOY
"έχουν συγκεντρωθεί 776e από τα 5000e που απαιτούνται για τα δικαστικά έξοδα του ανήλικου θύματος sex trafficking στον Κολωνό
",NEGATIVE,SADNESS
Χρειάζεται την βοήθεια μας,NEGATIVE,SADNESS
Το καθένα μας όπως μπορεί και αν μπορεί,POSITIVE,JOY
Καμία Ανοχή,NEGATIVE,ANGER
Καμία Μόνη,NEGATIVE,SADNESS
Κανένα Μόνο,NEGATIVE,ANGER
Τα καλά του φεμινισμού και του metoo,POSITIVE,JOY
Δεν καταλαβαίνω τους προσδιορισμούς «υπέροχος» για τον Αλέξανδρο Αντωνόπουλο όταν λέει πως το MeToo παρατράβηξε και δε μπορούμε να λέμε πια αστεία ή να λέμε κάποιον χοντρό,NEGATIVE,ANGER
Καμιά MeToo δεν βγήκε να το κατακρίνει αυτό,NEGATIVE,ANGER
Βραβείο Ηλιθιότητας στο Γκλέτσο και Υποκρισίας στην Αριστερά και στις MeToo,NEGATIVE,ANGER
Δηλαδή ο Γκλέτσος βλέπει τις γυναίκες ως κρέας που μπορούν να τις εισάγουν για να τις πηδάνε οι Πακιστανοί,NEGATIVE,DISGUST
Φανταστείτε να το έγραφε δεξιός αυτό,NEGATIVE,ANGER
"τι θα διαβάζαμε εδώ μέσα απο τα ""τμήματα δικαιωμάτων"" αριστερών οργανώσεων",NEGATIVE,ANGER
Τώρα μούγκα οι metoo,NEGATIVE,ANGER
Τι να πει κανείς για αυτό τον καμμένο άνθρωπο,NEGATIVE,DISGUST
Μόνο στην Ελλάδα έχουνε αξία τέτοιοι τύποι,NEGATIVE,ANGER
Έχουν βγει τόσες βρωμιές για αυτό τον άνθρωπο και πραγματικά απορώ γιατί καθόμαστε και τον ακούμε,NEGATIVE,DISGUST
Οι πρόσφυγες είναι μόνο αρσενικού γένους,NEGATIVE,DISGUST
Τα γυναικόπαιδά τους που τα άφησαν;,NEGATIVE,ANGER
Δε μας φτάνουν τα λαθροσκατά,NEGATIVE,ANGER
να φέρουμε και τις πουτάνες τους,NEGATIVE,ANGER
Αλλάξτε μυαλά,NEGATIVE,ANGER
Και οι θεατές είμαστε υπεύθυνοι για όλα αυτά γιατί δίνουμε δύναμη σε τέτοιους ανθρώπους,NEGATIVE,ANGER
Αλλάξτε μυαλά γιατί είστε συνένοχοι,NEGATIVE,ANGER
Ο κόσμος τους έκανε είδωλα,NEGATIVE,DISGUST
Αηδία κατάντησε πια,NEGATIVE,DISGUST
Αλλά για τις φεμινιστριες δεν τρέχει τίποτα που βιάζονται και εκτελούνται γυναίκες καθημερινά από το Ισλάμ,NEGATIVE,ANGER
Ξέχασα έχουν το ίδιο αφεντικό,NEGATIVE,ANGER
Πουτάνες MeToo,NEGATIVE,ANGER
Με αυτό το αραπόσκυλο τι γίνεται?,NEGATIVE,ANGER
Άφωνο το metoo και οι λοιποί ανθρωπιστικοί σύλλογοι,NEGATIVE,ANGER
επικεφαλής ψυχολόγος σε κλινική παιδιών με σκοπό την αλλαγή φύλου ένοχος αφού πιάστηκε στα πράσα να προσπαθεί να συναντήσει 15χρονο με σκοπό το σέξ,NEGATIVE,DISGUST
παρά όλες τις κατηγoρίες και την αποδεδειγμένη ενοχή δεν μπήκε φυλακή,NEGATIVE,ANGER
ποιος το περίμενε?,NEGATIVE,SURPRISE
Η βία δεν είναι μόνο σωματική και σεξουαλική αλλά και Λεκτική και Ψυχολογική,NEGATIVE,SADNESS
Εδω μέσα αυτό γίνεται,NEGATIVE,ANGER
Σταματήστε να βιάζεται λεκτικά ή ψυχολογικά,NEGATIVE,ANGER
Γιατί έβγαλε τη μπλούζα της επειδή είναι χοντρή,NEGATIVE,DISGUST
τι φόρεσε η άλλη,NEUTRAL,SURPRISE
πως έκανε το πρόσωπο της,NEUTRAL,NO-EMOTION
Συμπέρασμα;,NEUTRAL,NO-EMOTION
Με τις γυναίκες τα έχετε,NEGATIVE,ANGER
Με όλα αυτά που έχουν βγεί στο φώς για το metoo και συμπεριφορές που δεν γίνονται πλέον αποδεκτές,NEGATIVE,ANGER
οι Γιάννης Νίκος Παύλος θα έπρεπε να αποβληθούν ΧΘΕΣ,NEGATIVE,ANGER
Απαράδεκτα αυτά που γίνονται και ακούγονται,NEGATIVE,ANGER
Δεν είναι αστείο,NEGATIVE,ANGER
Καθόλου,NEGATIVE,ANGER
Πες μας λίγο για το ήθος σου κ. Μαυρογιάννη,NEGATIVE,ANGER
Θα πέσουν πολλές καταγγελίες για τις παρενοχλήσεις στις Πρεσβείες που δούλεψες,NEGATIVE,ANGER
Έφτασε η ώρα,NEUTRAL,NO-EMOTION
Ως εδώ,NEGATIVE,ANGER
Φαίνεται ότι υπάρχει αναφορά ότι υπουργός της κυβέρνησης ασκούσε βία σε ερωτικό σύντροφο και δεν έχει γίνει καμία αναφορά υπέρ του φερόμενου θύματος από τα γνωστά λουμπεναριά του metoo,NEGATIVE,ANGER
Με το θύμα (αλλά όχι πάντα),NEGATIVE,ANGER
Απορώ γιατί,NEUTRAL,SURPRISE
αλλά μάλλον η πατριαρχία θα φταίει,NEGATIVE,ANGER
Μούγκα στην στρούγκα από ευαισθητούληδες και συλλογικότητες της συμφοράς όπως τα MeToo,NEGATIVE,ANGER
Είδατε πως χρησιμοποιούν το Metoo ως εργαλείο εκδίκησης και εκφοβισμού;,NEGATIVE,ANGER
Αναδρομικά και όοοοποτε γουστάρουν,NEGATIVE,ANGER
"Γιατί τότε βρέ ""ένιωσαν έτοιμες και δυνατές""",NEGATIVE,ANGER
είσαι τυχερή που σεβόμαστε τον εαυτό μας και την ανθρώπινη ύπαρξη στα πλαίσια του metoo,NEGATIVE,ANGER
Παύλο Χαϊκάλη θέλουμε να γυρίσεις στο Θέατρο,NEGATIVE,SADNESS
Εκεί είναι ο χώρος σου,POSITIVE,JOY
Πουθενά αλλού,NEUTRAL,NO-EMOTION
Λείπεις,NEGATIVE,SADNESS
Γύρνα πίσω στην Τέχνη σου γαμώτο το MeToo και το Πολιτικά μη ορθό και τις δήθεν ανθρωπιστικές Μη Κυβερνητικές Οργανώσεις,NEGATIVE,ANGER
που οργανώνουν όλες αυτές τις υπερβολές,NEGATIVE,DISGUST
Πήξαμε στην αηδία,NEGATIVE,DISGUST
Γύρνα πίσω,NEGATIVE,SADNESS
Επί 40 χρόνια ο Αλ Φαγέντ παρενοχλούσε σεξουαλικά τις εργαζόμενες στα Χάροντς αλλά αυτές επέλεξαν να τα βγάλουν στη φόρα ένα χρόνο μετά το θάνατο του,NEGATIVE,ANGER
Μιλήστε μου για MeToo,NEUTRAL,NO-EMOTION
"Τι ώρα είναι η πορεία σήμερα για τον ομοφοβικό, ρατσιστή και λοατκοφοβικό Αλβανό οδηγό ταξί;",NEGATIVE,ANGER
Άρα στο poweroflovegr ένα λαϊκίστικο reality αγάπης βγήκε νικητής το ζευγάρι όπου ο άντρας λέει οτι θα βάλει τις γυναίκες στην θέση τους και ότι θα τους δώσει τα μαθήματα για το που ανήκουν και η γυναίκα που ενώ ξερει τι σκεφτεται έκατσε μαζί του,NEGATIVE,ANGER
Να μου ζήσεις MeToo,POSITIVE,JOY
Πρεζομένος Πακιστανός πήγε να βιάσει γυναίκα και τα άπλυτα πατσαβούρια της αριστεράς είναι με τον βιαστή,NEGATIVE,ANGER
MeToo και αρχίδια απλωμένα στον ήλιο,NEGATIVE,ANGER
Όπως σου είπα ρε ξεπλυμένη,NEGATIVE,DISGUST
το ρεμάλι αυτό ήταν εν δυνάμει βιαστής και γυναικοκτόνος,NEGATIVE,ANGER
Εμένα η ηθική μου δεν μου επιτρέπει να τον υποστηρίξω ότι και αν έχει συμβεί,NEGATIVE,ANGER
"Εσύ που είσαι σίγουρα ""με τον άνθρωπο"" και φωνάζεις ""MeToo"" μπορείς να τον υποστηρίξεις όσο θέλεις",NEGATIVE,ANGER
Τι εννοείτε;,NEUTRAL,SURPRISE
πως φέρθηκε μια ολόκληρη κοινωνία με το κράτος της μαζί στο θύμα του ομαδικού βιασμού στην Αμάρυνθο;,NEGATIVE,ANGER
Δουλευόμαστε;,NEGATIVE,ANGER
"Για 10ετίες η ελληνική κοινωνία λυντσάρει κόσμο αλλά ""που τα έμαθαν τα παιδιά"";",NEGATIVE,ANGER
Και δεν είναι μόνο θεμα γονιών δυστυχώς,NEGATIVE,SADNESS
Εντάξει δεν είναι σωστό όμως να ανεβάζεις βίντεο ξυλοδαρμού θηλυκότητας από αρσενικότητα 🥸🤡,NEGATIVE,DISGUST
Η πρωταθλήτρια ενόργανης Αργυρώ Αφράτη είχε ενημερώσει πριν δύο χρόνια για την σεξουαλική παρενόχληση από τον προπονητή της τον πρόεδρο της ομοσπονδίας Λευτέρη Πετρούνια που ήταν εκπρόσωπος αθλητών και τη σύζυγό του Βασιλική Μιλούση πρόεδρο της επιτροπής της ισοτητας των δύο φύλων,NEGATIVE,ANGER
Γατάκια Αμερικανοί,NEGATIVE,ANGER
Όταν εμείς (κάναμε ότι δεν) βλέπαμε τους Πακιστανούς να απλώνουν τα σκυλοτόμαρα να στεγνώνουν στα μπαλκόνια στη Δροσοπούλου και να εξαφανίζουν όλα τα αδέσποτα σε 2 εβδομάδες,NEGATIVE,ANGER
εσείς δεν είχατε ακόμα ούτε καν blacklivesmatter ούτε καν metoo,NEGATIVE,ANGER
Το κίνημα metoo όλοι το ξέρουμε ότι είναι πολύ επιλεκτικό,NEGATIVE,DISGUST
Πολλές ομάδες δεν τις πειράζει,NEUTRAL,NO-EMOTION
Κάτι σαν τους αριστεροάπλυτους,NEGATIVE,ANGER
Και αυτοί το ίδιο,NEUTRAL,NO-EMOTION
Όπου συμφέρει πειράζουν,NEGATIVE,ANGER
Ελεύθερος σύντομα ο Λύτρας που ξυλοκόπησε την γυναίκα του,NEGATIVE,ANGER
Δεν θα υποβαθμίσω την αξία του κινήματος metoo,POSITIVE,JOY
προσφέρει πάρα πολλά,POSITIVE,JOY
αλλά επί της δικαιοσύνης η εμπειρία μας δείχνει ότι πλούσιους/ισχυρούς άντρες δεν μπορεί να ακουμπήσει,NEGATIVE,ANGER
Το ταξικό προνόμιο είναι το ισχυρότερο,NEGATIVE,ANGER
Από ποιά ιστοσελίδα ενημερώνεσαι για το τι διεκδικούν οι φεμινίστριες;,NEUTRAL,NO-EMOTION
Από τις ίδιες που στηρίζουν Παλαιστίνη αλλά όχι τις Αφγανές;,NEGATIVE,ANGER
Πρόσεξε κανείς πως οι Ρομά δεν πέρασαν;,NEGATIVE,DISGUST
Γιατί έτσι;,NEGATIVE,ANGER
Λίγη τσίπα,NEGATIVE,DISGUST
Να μεγαλώνεις το παιδί σου και να προσπαθήσει στην αρχή της εφηβείας του να το καταστρέψει για πάντα ένα μαλακισμένο από το πουθενα,NEGATIVE,ANGER
Τι κάνεις τότε;,NEUTRAL,NO-EMOTION
Τι πρέπει να κάνεις πρίν για να το προστατέψεις από τις ψευδείς καταγγελίες;,NEGATIVE,FEAR
Πάλι καλά που είπε την αλήθεια,POSITIVE,JOY
Το παιδάκι το 14χρονο ποιος ξέρει τι τρόμο βίωσε αυτές τις ώρες πριν ανακαλέσει η τουρίστρια,NEGATIVE,FEAR
Η κοπέλα που κατήγγειλε ότι την βίασαν έμαθε ότι τελικά δεν βιάστηκε αλλά ότι τα ήθελε και πως οι βιαστές της αφέθηκαν ελεύθεροι,NEGATIVE,ANGER
Επίπληξη της έγινε ώστε να μην ξανά καταγγείλει βιασμούς,NEGATIVE,ANGER
"""Εγώ αδερφή μου δεν σε πιστεύω""",NEGATIVE,ANGER
MeToo 👎,NEGATIVE,DISGUST
Σίχαμα ετών 44 βίαζε κατά εξακολούθηση 16χρονη που γνώριζε μέσω του γιού του,NEGATIVE,ANGER
Την απειλούσε ότι αν μιλήσει θα βλάψει την οικογένεια της και τη βίαζε μέσα στο αυτοκίνητό του σε χωράφι,NEGATIVE,ANGER
Μωρέ μαλάκες ευνουχισμό θέλετε σιχάματα παιδεραστές,NEGATIVE,DISGUST
Πόση αρρώστια να αντέξουμε πια;,NEGATIVE,DISGUST
"είναι τραγική η αδιαφορία των ΜΜΕ, ΑΡΧΩΝ για τις αυτοκτονίες και τα εργατικά δυστυχήματα",NEGATIVE,ANGER
Είδατε το πρόσωπο του?,NEGATIVE,SURPRISE
Που είναι τα metoo?,NEGATIVE,ANGER
Δεν διαφωνώ κάτι σαν το metoo που όταν ο θύτης είναι λαθρομετανάστης βγάζει σύσσωμο τον σκασμό,NEGATIVE,ANGER
Μωρέ μαλάκες τι σίχαμα είναι τούτο;,NEGATIVE,DISGUST
Και παιδεραστής και βιαστής και αιμομίκτης και χουντικός και χρυσαυγίτης,NEGATIVE,DISGUST
μιλάμε για κάθαρμα πατόκορφα,NEGATIVE,DISGUST
Τι τράβηξε το πουλάκι μου στα βρωμόχερα του,NEGATIVE,SADNESS
Κανονίστε κατά εκεί στις φυλακές ξέρετε εσείς,NEGATIVE,ANGER
ένα αποβρασμα λιγότερο,NEGATIVE,DISGUST
Σιχαμένε,NEGATIVE,DISGUST
Ρε να σου πώ οι Βούλγαροι σε παρενοχλούσαν και σεξουαλικά?,NEGATIVE,ANGER
βγές και κάνε καταγγελία είναι της μόδας τώρα στον στίβο,NEGATIVE,ANGER
όλοι οι προπονητές από ότι ακούγεται παρενοχλείτε σεξουαλικά,NEGATIVE,ANGER
από εσένα ξεκίνησε?,NEGATIVE,ANGER
Χρυσός ολυμπιονίκης,NEUTRAL,NO-EMOTION
Ποιο μπούλινγκ και ποιος εκφοβισμός βρε μισογύνηδες???,NEGATIVE,ANGER
Που αβαντάρετε τον μαντραχαλά που δέρνει κοριτσάκια,NEGATIVE,ANGER
Μόνο για MeToo είστε,NEGATIVE,DISGUST
Ότι σας πληρώνουν σερβίρετε,NEGATIVE,ANGER
Γελοίοι,NEGATIVE,DISGUST
Λεσβίες; δηλαδή γυναίκες;,NEUTRAL,SURPRISE
Πώς το ξέρεις;,NEUTRAL,NO-EMOTION
Είδες τα γεννητικά τους όργανα;,NEGATIVE,DISGUST
Έλεγξες τα χρωμοσώματά τους;,NEGATIVE,DISGUST
Γνωρίζεις τα επίπεδα τεστοστερόνης τους;,NEGATIVE,DISGUST
"Και κατά αρχάς τι σημαίνει ο όρος ""γυναίκα"";",NEGATIVE,ANGER
Σιγά σιγά καταλαβαίνεις ότι οι ίδιοι δημοσιογράφοι που έκαναν το metoo δημοφιλές ίσως να μην είχαν και τις πιο αγνές προθέσεις εν τέλει,NEGATIVE,ANGER
Περίεργο να αισθάνεσαι ότι αυτοί που προώθησαν το κίνημα αυτό δεν ενδιαφέρονται καθόλου για τα θύματα που εκπροσωπεί το ίδιο το κίνημα,NEGATIVE,SADNESS
δεν ενδιαφέρονται καθόλου για τα θύματα που εκπροσωπεί το ίδιο το κίνημα,NEGATIVE,SADNESS
Πιο fake κίνημα από το metoo δεν παίζει να έχει υπάρξει,NEGATIVE,ANGER
Αναρίθμητες υποθέσεις που απλά κλείνει τα μάτια,NEGATIVE,ANGER
"Μόνο εκεί που έχει ""θεματάκι"" πρωτοστατεί",NEGATIVE,ANGER
αν ήξερε η Simone Biles τι είχε πει για τα metoo στον ελληνικό αθλητισμό θα του έριχνε μπουνιά,NEGATIVE,ANGER
Συλλυπητήρια στον Πετρούνια για την τρίτη θέση,NEGATIVE,SADNESS
αλλά δεν μπορώ να ξεχάσω τις ντροπιαστικές δηλώσεις του για το MeToo και για τις γυναίκες της γυμναστικής που καταγγέλλουν τέτοια περιστατικά,NEGATIVE,ANGER
Προωθείτε το body shaming μανδάμ,NEGATIVE,DISGUST
Τι λένε οι metoo;,NEUTRAL,NO-EMOTION
πρέπει να δείχνουμε με το δάχτυλο κάποιον/α για να εκφράσουμε τα επιχειρήματά μας;,NEGATIVE,ANGER
Αφού έκαψε κόσμο προωθώντας τα εμβόλια τώρα προωθεί με πίσω κίνηση  την woke ατζέντα,NEGATIVE,DISGUST
Από την αρχή καταλάβαμε ότι πρόκειται περί φούστη,NEGATIVE,DISGUST
Δεν κρύβονται αυτά ,NEUTRAL,NO-EMOTION
Προσέξτε αυτούς έβαλαν και προωθούν εμβόλια και ανώμαλους ,NEGATIVE,ANGER
Η πρώτη Ολυμπιάδα όπου άνδρες ρίχνουν ξύλο σε γυναίκες και παίρνουν για αυτό μετάλλια,NEGATIVE,ANGER
"Γυναικείες οργανώσεις, κινήματα metoo, μούγκα στη στρούγκα",NEGATIVE,DISGUST
Πόσο ξεφτίλες είσαστε;,NEGATIVE,ANGER
Τα λέμε και το ξαναλέμε,NEGATIVE,ANGER
Δεν με ενδιαφέρει αν γίνειται κακός για κάποιες,NEGATIVE,ANGER
Έχω φίλες και φίλους πολλούς,NEUTRAL,NO-EMOTION
Δεν χρειάζεται να κολακεύει καμία,NEUTRAL,NO-EMOTION
Προσοχή κορίτσια στους κόλακες σας έχουν χαλάσει τα μυαλά για να αποτύχουν τον σκοπό τους απλά,NEGATIVE,FEAR
Κοίτα θράσος η ζαία αν την ακουμπούσε κάποιος άγνωστος έτσι θα άβαζε τιςς φωνές και θα ούρλιαζε,NEGATIVE,ANGER
Καμία σάπια πουτάνα φεμινίστρια θα βγεί να πεί κάτι για την Ιταλίδα αθλήτρια;,NEGATIVE,ANGER
Είστε όλες άθλιες,NEGATIVE,DISGUST
τραβάτε να πλύνετε κάνα πιάτο αυτή είναι η θέση σας στην κοινωνία,NEGATIVE,ANGER
Οι metoo που είναι να διαμαρτυρηθούν για αυτό που έγινε εις βάρος της Angela Carini από έναν άνδρα,NEGATIVE,ANGER
Από τα χτυπήματά του καταλαβαίνεις πόσο πολύ μισεί τις γυναίκες,NEGATIVE,ANGER
Γιατί η ζωή του χάρισε ανδρικό χρωμόσωμα και μέγιστη τεστοστερόνη,NEGATIVE,DISGUST
"Ένα έκτρωμα της φύσης η τρανς διοργάωση των Γάλλων σε ιδεολογία,έναρξη,χρώματα, κουλτούρα, στα αθλήματα",NEGATIVE,DISGUST
Mισανδρικοί αγώνες,NEGATIVE,ANGER
Χωρίς κοινή λογική στο μπόξ ξαφνικά κατακραυγή για κάτι που μπορεί να θεωρηθεί προβληματικό αν το καταγγείλεις στα σόσιαλ και την ολυμπιακή επιτροπή,NEGATIVE,ANGER
Το metoo έχει μόνο πούστηδες ή έχει και γυναίκες μέσα;,NEGATIVE,ANGER
Διότι δεν το ακούω να μιλάει για τον άνδρα που έδειρε την γυναίκα επίσημα στους Ολυμπιακούς,NEGATIVE,ANGER
Εσύ θα μας πεις μάνα δεν σε γένησε?,NEGATIVE,ANGER
Είναι σωστό να παίρνουν το μωρό από την μάνα του?,NEGATIVE,SADNESS
Η χειρότερη κακοποίηση γυναίκας είναι αυτό αλλά οι μιτούδες μούγκα,NEGATIVE,ANGER
Τι σχέση έχει το MeToo κίνημα που έχει να κάνει με την σεξουαλική κακοποίηση γυναικών στον εργασιακό χώρο με αυτό που δείχνεις?,NEGATIVE,ANGER
Τέρμα το metoo,NEGATIVE,ANGER
Όταν δε συμφέρει είναι λογικό,NEGATIVE,ANGER
"Μήπως τέρμα και ανάγκη αναγνώρισης του όρου ""γυναικοκτονία""?",NEGATIVE,ANGER
Δύο Γυναίκες Διακεκριμένες Επιστήμονες η Νομικός κα. Πετρούλια και η Ιατρός κα. Λινού έστειλαν το σκουπίδι της φύσης Πολάκη στον φυσικό του χώρο,NEGATIVE,DISGUST
Και όχι μόνο αυτόν αλλά και όλα ανεξαιρέτως τα συναρτώμενα με αυτόν σκουπίδια όπως το MeToo που κατάπιαν μια ακόμα ξεφτίλα,NEGATIVE,DISGUST
Είπε η αϊ και ύψωσε την γροθιά της για τα δικαιώματα των γυναικών,POSITIVE,JOY
metoo τι έγινε;,NEUTRAL,SURPRISE
πόσα θα μπουκώσετε ακόμα υποκριτούλες;,NEGATIVE,ANGER
Είχαμε αυτόν που ένιωθε βιασμένος γιατί του έστειλε mail η άλλη να την ψηφίσει έχουμε τώρα και τους μπατριώτες που νιώθουν βιασμένοι γιατί τα πολεμικά μπήκαν στα διεθνή ύδατα και ακολούθησαν το πλοίο που χαρτογράφησε που θα ποντίσουμε το καλώδιο,NEGATIVE,DISGUST
θα το πω εγώ: τα λέγαμε εδώ και καιρό και έχετε αρχίσει και τρώτε απανωτές φάπες με τις ψευδείς καταγγελίες που αποκαλύπτονται κάθε μέρα,NEGATIVE,ANGER
Άντε με το καλό να γίνει και κακούργημα η ψευδής καταγγελία βιασμού και η γονική αποξένωση με φεικ καταγγελίες,NEGATIVE,ANGER
Ανυπομονώ για τη στιγμή που ένας άντρας θα θελήσει να κλείσει σε μια τελευταία θέση δίπλα στην οποία θα κάθεται γυναίκα που έχει επιλέξει να μην κάτσει δίπλα σε άντρα 😂,POSITIVE,JOY
Έχουμε πιάσει πάτο,NEGATIVE,DISGUST
Η κατανόηση και η συζήτηση γύρω από αυτόν τον όρο μπορούν να συμβάλλουν στην προώθηση μιας πιο δίκαιης και ευαισθητοποιημένης κοινωνίας,POSITIVE,JOY
Γιατί ΔΕΝ υπάρχει MeToo μεταξυ γυναικών?? ,NEGATIVE,ANGER
Πόσες μάνες χτυπάνε τις κόρες τους????,NEGATIVE,ANGER
εισπράττετε,NEUTRAL,NO-EMOTION
Έτσι είναι ο χαρακτήρας τους,NEGATIVE,DISGUST
Είναι δική τους ευθύνη,NEUTRAL,NO-EMOTION
Μιλήστε ανοιχτά όπου μπορείτε και ζητήστε βοήθεια όσο πιο νωρίς γίνεται,NEGATIVE,SADNESS
Πλυντηριάκι ξέρουμε πολύ καλά τι ακούσαμε,NEGATIVE,DISGUST
Θα έπρεπε να ντρέπεσαι που είσαι γυναίκα και υπερασπίζεσαι μια ΣΕΞΙΣΤΙΚΗ ΕΠΙΘΕΣΗ που όλη η Ελλάδα άκουσε,NEGATIVE,DISGUST
Αλλά οι κάλπες έρχονται και ο ΛΑΟΣ ΔΕΝ ΞΕΧΝΑΕΙ ΤΙ ΣΗΜΑΙΝΟΥΝ ΑΚΡΟΔΕΞΙΑ ΚΑΙ ΑΚΡΟΑΡΙΣΤΕΡΑ,NEGATIVE,ANGER
MeToo όλα καλά;,NEGATIVE,DISGUST
Σοβαρές πηγές λέμε🤣🤣🤣,POSITIVE,JOY
MeToo θα κάνετε τίποτα για την περίπτωση εδώ ή είναι επιλεκτική η ευαισθησία σας;,NEGATIVE,ANGER
Η Φαίη Ζαφειράκου έσπασε στο ξύλο τον άνδρα της έσπασε το δωμάτιο του ξενοδοχείου και ούσα προφανώς υπό την επήρεια αλκοόλ οδηγήθηκε στο αυτόφωρο,NEGATIVE,DISGUST
Αλλά εντάξει συμβαίνουν αυτά ψωμί και αλάτι,NEGATIVE,ANGER
"θα μπορούσε ο γιδοβοσκός Κοτοπολάκης να πει ""αι γυναίκαι στην κουζίνα"" για να προκαλέσει βραχυκύκλωμα στους συντρόφους του Σύριζα",NEGATIVE,ANGER
που θα έψαχναν στο λεξικό Μπαμπινιώτη να βρουν τι σημαίνει η φράση,NEGATIVE,ANGER
metoo με αφωνία στην Αριστερά,NEGATIVE,ANGER
Κάποια στιγμή πρέπει να μιλήσουμε γιαι τη δομή των πατριαρχικών νομικών συστημάτων και πώς εκπαιδεύουν να κανονικοποιούμε την καταπίεση και να τιμωρουμε όσα αμύνονται,NEGATIVE,ANGER
και να θεωρούμε ότι το αφήγημα του καταπιεστή είναι το καλύτερο και το πιο προοδευτικό 🤡,NEGATIVE,ANGER
Πόσο μπροστά για άλλη μια φορά το Retire που μιλούσαν για το ΠΩΣ φέρονται οι άντρες στις γυναίκες ειδικά μεθυσμένοι,POSITIVE,JOY
η Ελένη μαχήτρια για το metoo όταν είπε «ΜΙΑ ΓΥΝΑΙΚΑ ΣΕ ΚΑΘΕ ΕΠΑΓΓΕΛΜΑΤΙΚΟ ΜΠΟΡΕΙ ΝΑ ΠΕΣΕΙ ΘΥΜΑ ΠΑΡΕΝΟΧΛΗΣΗΣ ΟΧΙ ΜΟΝΟ ΣΕ ΜΠΑΡ»,POSITIVE,JOY
οι προωθητες του MeToo δηλαδή η πλουτοκρατία που εξουσιάζει τη Δύση αυτή τη στιγμή έχει τη μορφή της διεθνιστικής πλουτοκρατίας,NEGATIVE,DISGUST
μοιράζει τη σάπια ηθική στους πολίτες που τους κάνει να έχουνε σάπια θέλω και κριτήρια,NEGATIVE,DISGUST
"Δηλαδή εάν είχε καταχωρηθεί νομικά ο ρατσιστικός όρος ""γυναικοκτονία"" η δολοφονία θα είχε αποτραπεί και η γυναίκα θα ζούσε;",NEGATIVE,ANGER
Δε μπορεί να είσαι τόσο στόκος,NEGATIVE,ANGER
Μωρέ μαλάκες γιατί δεν πίνετε τα χάπια σας;,NEGATIVE,ANGER
Τι σας φταίνε οι γυναίκες τού κόσμου;,NEGATIVE,ANGER
Άλλη μια που λείπει από σήμερα,NEGATIVE,SADNESS
επειδή κάποιος άρρωστος τη θεωρούσε κτήμα του,NEGATIVE,ANGER
Τι δεν καταλαβαίνετε;,NEGATIVE,ANGER
Μια ιστορία φαντασίας: στην Ελλάδα του 2024 μια γυναίκα καταγγέλει στις 11 Ιουλίου κακοποίηση,NEUTRAL,NO-EMOTION
οι αρχές δεν καταφέρνουν να τον βρουν και 2 μέρες μετά παρόλο που τους είχε ξανακαλέσει την σκοτώνει,NEGATIVE,SADNESS
Δεν έφθασαν ποτέ💔,NEGATIVE,SADNESS
"Όλα αυτά στην Ελλάδα που δεν κατοχυρώνει τον όρο γυναικοκτονια για να μην δυσαρεστήσει την συντηρητική πλευρά της κοινωνίας και τους διάφορους ""Σαμαράδες""",NEGATIVE,ANGER
Αν σε κανέναν δεν θυμίζει ιστορία φαντασίας αλλά αλήθειας ΕΧΕΙ ΔΙΚΙΟ,NEGATIVE,ANGER
Η αντίληψη ότι το καταπιεσμένο πρέπει να δείξει κατανόηση στο θύτη γιατί μπορεί να τυχαίνει να ήταν και αυτός καταπιεσμένος κάποια στιγμή στην ιστορία του λέει ότι το πιο αδύναμο θύμα ευθύνεται για τη δική του καταπίεση και την καταπίεση του θύτη του,NEGATIVE,ANGER
Πατριαρχία 100%,NEGATIVE,ANGER
Το λέω συχνά στη δουλειά μου,NEUTRAL,NO-EMOTION
"Το ""καμία μόνη"" είναι ένα ωραίο σύνθημα",POSITIVE,JOY
Στην πραγματικότητα όμως είμαστε όλες μόνες μας,NEGATIVE,SADNESS
"Για αυτό η παιδεία οφείλει να μας εφοδιάζει με τα ""εργαλεία"" για το ξεκίνημα της πολύπλευρης ενδυνάμωσής μας με 1ο τη γνώση του τι εστί κακοποίηση",POSITIVE,JOY
"Eίναι δείγμα του πως κάποια κομματόσκυλα πήραν τις ""σκέψεις"" κάποιου δημοσιογράφου και έφτασαν να κατασπαραζουν μια αθλήτρια επειδή τυχαίνει να έχει σχέση με τον γιο του ΠΘ μόνο και μόνο για να χτυπήσουν τον Μητσοτάκη",NEGATIVE,DISGUST
Και ταυτόχρονα αυτά τα κομματόσκυλα φωνάζουν για το MeToo και άλλες πίπες,NEGATIVE,ANGER
Είναι τουλάχιστον ντροπή,NEGATIVE,DISGUST
Μου θέλουν και κίνημα MeToo,NEGATIVE,ANGER
Βόθροι αγαπητέ ότι μπορούν για να γελοιοποιηθούν περισσότερο,NEGATIVE,ANGER
Ασχέτως metoo τον θεωρώ από τους πιο υπερτιμημένους ηθοποιούς,NEGATIVE,ANGER
Ειδικά στο επεισόδιο του Στο Παρά Πέντε που είχαν λυσσάξει τότε τα μεσημεριανά με την «συγκλονιστική ερμηνεία» ήταν πραγματικά απαίσιος,NEGATIVE,ANGER
Τι δουλειά πιστεύεις θα κάνεις όταν θα αρχίσουν να μιλάνε;,NEGATIVE,ANGER
Δεν βλέπω πάντως την ίδια δυναμική παρέμβαση από ΠΘ και ΠτΔ κατά της βίας,NEGATIVE,ANGER
Μια διαγραφή για τα μάτια του κόσμου,NEGATIVE,ANGER
Όπως έγραψε και ο ίδιος θα συνεχίζει να ψηφίζει κλπ. καταλαβαίνετε τώρα πόσο καίγονται για τον άνθρωπο έτσι;,NEGATIVE,ANGER
Μόνο αν είναι να αποκομίσουν πολιτικό όφελος,NEGATIVE,DISGUST
Εντωμεταξύ διαδηλώνουν κάτι τέτοιες υπέρ των ανατολικών χωρών και τα αποτελέσματα είναι αυτά,NEGATIVE,ANGER
Για να δείτε ότι οι μαλακίες πληρώνονται,NEGATIVE,ANGER
Εεεε ρε τα μυαλά σας,NEGATIVE,ANGER
Περιμένω διαδήλωση των MeToo για τέτοια περιστατικά,NEGATIVE,ANGER
Εκτός αν τα γουστάρουν κάτι τέτοια τότε πάω πάσο,NEGATIVE,ANGER
δεν τα αφήνεις αυτά τα ψόφια,NEGATIVE,ANGER
μας πεις κάτι και για τον ξυλοδαρμό στην Πάτρα? ,NEGATIVE,ANGER
Γονείς έχετε το νου σας,NEGATIVE,FEAR
κάτι φασιστακια με υστερική φωνή διαλαλούν ότι είναι δασκάλες,NEGATIVE,ANGER
μην βρωμίσουν τα παιδιά σας,NEGATIVE,FEAR
δεν πειράζει θα γράφουν στα σόσιαλ,NEGATIVE,DISGUST
"MeToo αλληλέγγυες καλλιτέχνιδες ""με τον άθρωπο"" λοιπές λεχρίτισσες να γνωρίσετε έναν άντρα να σας συμπεριφέρετε όπως αυτοί που υποστηρίζετε",NEGATIVE,ANGER
Μα έτσι είναι η κουλτούρα τους,NEGATIVE,DISGUST
"Ποια τιμωρία αξίζει σε έναν ""πατέρα"" και έναν ""θείο"" που ξυλοκόπησαν και έστειλαν στο νοσοκομείο τον 15χρονο γιο και ανιψιό τους επειδή τους είπε ότι είναι ομοφυλόφιλος",NEGATIVE,ANGER
Εδώ υπάρχει ένας έρωτας μεγάλος και αν ο γέρος δεν πεθάνει γρήγορα θα τον καταγγείλει για ενδοοικογενειακή βία ότι της πέταξε την μασέλα του στο κεφάλι της και έπαθε διάσειση,NEGATIVE,DISGUST
ωιμέ😂😂,POSITIVE,JOY
Είμαι σίγουρος ότι είναι MeToo και αυτή,NEGATIVE,DISGUST
Τι νόμιζες μωρή μαλάκω,NEGATIVE,ANGER
θα το άφηνε έτσι μη τυχόν και κλαφτείς στα MeToo;,NEGATIVE,ANGER
Κάτσε εδώ τώρα 🖕🖕🖕🖕,NEGATIVE,ANGER
"Υπάρχουν άραγε διαδηλώσεις από<<ανθρωπιστικές>> ,<<γυναικείες>> οργανώσεις ή μπα",NEGATIVE,ANGER
επειδή είναι λαθροϊσλαμιστής προστατευόμενος δολοφόνος βιαστής,NEGATIVE,ANGER
Για πιο λόγο να βοηθήσουν οι άντρες;,NEGATIVE,ANGER
καμία βοήθεια από την πατριαρχια,NEGATIVE,ANGER
απορώ γιατί το αναφέρεις και κλαίγεσαι κιόλας,NEGATIVE,ANGER
Μόνο οι αδερφές μας θα μπορούσαν να σε σώσουν,NEGATIVE,ANGER
Τα σχόλια κάτω απο αυτή την ανάρτηση δείχνουν ξεκάθαρα σε τι κατάσταση βρίσκεται η ελληνική κοινωνία,NEGATIVE,DISGUST
Αν δεν διδάξει κάποιος στα παιδιά κάτι διαφορετικό από αυτό που ακούνε απο τους γονείς τους φοβάμαι πως στο μέλλον θα δούμε χειρότερα πράγματα,NEGATIVE,FEAR
MeToo του φτωχού 😂😂😂😂,POSITIVE,JOY
Κοινωνική παρακμή,NEGATIVE,ANGER
Κρίση Αξιών,NEGATIVE,ANGER
Έκπτωση Ηθών και οι άγγελοι έκπτωτοι,NEGATIVE,ANGER
"H παράμετρος που ουδείς έχει επισημάνει έως τώρα 
και πρέπει να τεθεί στον Δημόσιο Διάλογο ""είναι ότι οι γυναίκες που χειρίστως (μη) πράττουσες
δεν καταγγέλλουν τον κακοποιητή τους""",NEGATIVE,ANGER
σιωπούν (και) για να μην εκθέσουν τα καταστροφικά κριτήριά τους,NEGATIVE,ANGER
Γιατί δεν ασχολείται κανείς με τη σύλληψη του δημοσιογράφου της ΕΡΤ για τον ξυλοδαρμό της συζύγου του άραγε;,NEGATIVE,ANGER
Αν στη θέση του ήταν κάποιος δημοσιογράφος του ΣΚΑΪ θα είχαμε την ίδια σιγή ασυρμάτου;,NEGATIVE,ANGER
Είστε τόσο υποκριτές τελικά σύντροφοι;,NEGATIVE,ANGER
Δεν αηδιάζετε με την ύπαρξή σας;,NEGATIVE,DISGUST
Και αν η γιαγιά μου είχε καρούλια θα ήταν αυτοκίνητο,NEGATIVE,ANGER
Οι ανθελληνικές αντιχριστιανικές και ακροαριστερές φεμινιστικές οργανώσεις κάνουν χυδαία σπέκουλα πάνω σε αληθινά ή ψεύτικα θύματα για να έχουν χρήμα κοινωνική εξουσία κι ανεξέλεγκτη πολιτική επιρροή όπως στις ΗΠΑ με το metoo,NEGATIVE,DISGUST
Κατερίνα ευχαριστούμε που λόγω της συμμετοχής σου ξεχάστηκε το metoo και αποκαλύφθηκε η κακία και η ζήλεια των ανθρώπων(κυρίως των γυναικών),POSITIVE,JOY
Τη γυναίκα τη λατρεύουμε μωρέ μαλάκες δεν τη δερνουμε,NEGATIVE,ANGER
ΚΑΜΙΑ ΠΟΤΕ ΞΑΝΑ,NEGATIVE,ANGER
Μωρέ μαλάκες τι πίνετε και σας πειράζει;,NEGATIVE,ANGER
Αν είστε άρρωστοι να πάτε στο γιατρό,NEGATIVE,DISGUST
αν μαστουρώνετε να κάνετε απεξάρτηση,NEGATIVE,ANGER
αν είστε νευρικοί να απευθυνθείτε σε νευρολόγο,NEGATIVE,ANGER
για οτιδήποτε άλλο ντουγρού στη μαμάκα σας να σας ξανά γαλουχήσει,NEGATIVE,ANGER
Κάτω τα ξερά σας,NEGATIVE,DISGUST
Το παν είναι να μην απολυθεί,NEUTRAL,NO-EMOTION
Όλα τα άλλα γίνονται,NEUTRAL,NO-EMOTION
Όχι δεν αυξήθηκαν ξαφνικά τα κρούσματα έμφυλης βίας τις τελευταίες ημέρες,NEGATIVE,ANGER
Αυξήθηκαν τα ανοιχτά στόματα,NEGATIVE,SURPRISE
Αυτή είναι η δύναμη του κινήματος MeToo,POSITIVE,JOY
Ωραίος,POSITIVE,JOY
Να τον χαίρεστε,POSITIVE,JOY
Ο σεξισμός είναι ωραίος όταν απευθύνεται σε άτομο που δεν μας αρέσει έτσι;,NEGATIVE,DISGUST
Ρε παιδιά πόσοι δεν δέρνουν τις γυναίκες τους;,NEGATIVE,ANGER
Αίσχος,NEGATIVE,DISGUST
Πώς σας ανέθρεψαν;,NEGATIVE,ANGER
"Και να μην ξεχνάμε πως για την αρχική φυλάκιση του Τζούλιαν Ασάνζ χρησιμοποιήθηκαν δύο σουηδέζικα τανάκια meToo που κατήγγειλαν ""βιασμό""",NEGATIVE,ANGER
Το σχόλιο της Χρύσας Ρώπα για το κίνημα metoo που κανένας δεν κατάλαβε,NEUTRAL,SURPRISE
Δεν καταλαβαίνω τι λέει η κυρία Ρώπα για το metoo και κάτι μου λέει ότι «κάηκαν» και ο Φώτης με τη Τζένη,NEGATIVE,ANGER
Σταματήστε να ασχολείστε με το θύτη και ασχοληθείτε με το θύμα,NEGATIVE,ANGER
Όλα τα φιλαράκια της Ζήνας🤣🤣🤣,POSITIVE,JOY
Το μπλοκαρα το σκατοφασιστάκι,NEGATIVE,ANGER
Είναι απο τα πιο χυδαία τουϊτ που έχω δει εδώ μέσα,NEGATIVE,DISGUST
Συφιλιάρα επειδή έχει λεύκη ρε,NEGATIVE,ANGER
Και μετά αυτοί στο παίζουν προοδευτικοί κατά του body shaming και σηκώνουν χασταγκ metoo,NEGATIVE,ANGER
Μιλάμε για σιχάματα,NEGATIVE,DISGUST
Τι έγινε ρε καλόπαιδα εκεί στο metoo τόσο ξύλο έπεσε;,NEGATIVE,ANGER
ούτε ανακοίνωση δεν βγήκε,NEGATIVE,SURPRISE
Τόσος ντόρος στα κανάλια,NEGATIVE,SURPRISE
Που είναι όλες αυτές οι πικραμένες ψυχές του Σύριζα να βάλουν κατά της γυναικείας κακοποίησης;,NEGATIVE,ANGER
Για τα gaypride πρώτοι είστε,NEGATIVE,ANGER
Τι υποκρισία,NEGATIVE,DISGUST
Έλα Ζήνα ακόμα να σκύψεις για τη συγνώμη που λέγαμε,NEGATIVE,ANGER
"Τελικά μετά από αυτό το συμβάν εκεί στο Χαμογέλα και Πάλι
θεωρείτε το cancel υπερβολή;",NEGATIVE,ANGER
Το Star θα πρέπει να απαντήσει πως αποδέχεται να έχει εν έτει 2024 μια τέτοια παρουσιάστρια που έχει ασκήσει βία,NEGATIVE,DISGUST
Ως Ψεκασμένος Συνομοσιωλόγος που είμαι για μερικούς θα πω το εξής χωρίς στοιχεία αλλά σαν διαπίστωση,NEGATIVE,ANGER
Ο Λύτρας δεν υπερασπιζόταν την μητέρα της 12χρόνης;,NEGATIVE,ANGER
Ξαφνικά έχει πέσει στα τάρταρα η φήμη του,NEGATIVE,SURPRISE
Λέτε να ξέρει πράματα και θέματα και ασχολείται η κοινή γνώμη;,NEGATIVE,ANGER
Το ελληνικό κράτος βασάνισε ένα παιδί και το απειλούσε με βιασμό,NEGATIVE,ANGER
Σημειώνομε ότι το ξεγύμνωμα κρατουμένων είναι σεξουαλικό βασανιστήριο,NEGATIVE,ANGER
"Το παιδί ξεγύμνωσαν τρεις φορές οι αστυνομικοί ""παιδιά των εργατών""",NEGATIVE,DISGUST
Όχι μόνο εκεί που σας παίρνει,NEGATIVE,ANGER
Παιδιά την αλήθεια θα την λέμε εμείς εδώ τελικά,NEGATIVE,ANGER
Άλλη μια νίκη της πατριαρχιας,NEGATIVE,SADNESS
Νίκησε γιατί ήταν άνδρας όχι ομορφότερος από τις αδερφές μας που συμμετείχαν στον διαγωνισμό,NEGATIVE,ANGER
Εδώ δεν έχει metoo λογικά,NEGATIVE,ANGER
Είπε ο σιχαμένος μισογύνης που δεν έχουν κατεβάσει ακόμα το μπλογκ του για τον τρόπο που γράφει για τις γυναίκες,NEGATIVE,DISGUST
Ρε ουστ,NEGATIVE,ANGER
Είπατε για τον Λύτρα;,NEGATIVE,SURPRISE
Για τον γιό του χοντρού θα πείτε τίποτα;,NEGATIVE,ANGER
Μην είστε επιλεκτικοί και εδώ ρε γαμώτο,NEGATIVE,ANGER
Τώρα με τις φωτιές θα ασχοληθούνε τα κανάλια;,NEGATIVE,ANGER
Που καίγεται ένα νησί απο λάθος τουριστών;,NEGATIVE,ANGER
Με τον Λύτρα βέβαια αυτό είναι το επίκαιρο θέμα,NEGATIVE,ANGER
Και εσυ ξέρεις να μιλάς για θέματα metoo αλλά για τον Γεωργούλη έβγαλες τον σκασμούλη και είπες είναι «λεπτή η θέση μου»😊,NEGATIVE,DISGUST
Ότι τις συμφέρει είναι όλες αυτές,NEGATIVE,ANGER
Το κίνημα metoo που είναι που μας είχανε πρήξει τα αρχίδια,NEGATIVE,ANGER
όλες πραγματικά για τα φράγκα και το θεαθήναι είναι,NEGATIVE,DISGUST
Σε πιστεύουμε αδελφή μου,POSITIVE,JOY
"Είναι φοβερό το πλυντήριο και το ""με το θύμα metoo ΑΛΛΑ"" Λύτρας",NEGATIVE,ANGER
Ενδεικτικό της νοοτροπίας που επικρατεί γενικά στην χώρα,NEGATIVE,ANGER
Οι τοξικές φεμινιστικές οργανώσεις τού metoo μισούν τους άντρες και θέλουν να τους «ευνουχίσουν» ψυχικά,NEGATIVE,DISGUST
Δεν νοιάζονται αληθινά για τις αδύναμες ή ευάλωτες γυναίκες,NEGATIVE,ANGER
Σπέκουλα κάνουν για να έχουν ανεξέλεγκτη πολιτική και κοινωνική επιρροή όπως στις ΗΠΑ,NEGATIVE,DISGUST
Καλυμμένες για να μην δέχονται σεξιστικές συμπεριφορές από τους ιδρωτσίλες σφίχτες,NEGATIVE,DISGUST
Κάτι τέτοια μουνόπανα σας έχουν πείσει πως ενδιαφέρονται για τα δικαιώματα σας για τον αν παθαίνετε σε τρένα κτλ κτλ,NEGATIVE,ANGER
Στα αρχίδια τους σας έχουν γραμμένους,NEGATIVE,ANGER
το μεροκάματο να πέφτει από το Κόμμα και όλα καλά,NEGATIVE,ANGER
Για τέτοια σκουπίδια μιλάμε,NEGATIVE,DISGUST
metoo κοιμήσου,NEGATIVE,ANGER
Οι γυναίκες έπεσαν θύματα της τρομοκρατικής νεοεποχίστικης woke μισανδρικής προπαγάνδας των λεσβιών του Metoo,NEGATIVE,ANGER
Στα 5 εκατομμύρια ανδρών στην Ελλάδα γίναμε όλοι φονιάδες επειδή υπάρχουν 10 χιλιάδες κακοποιητές,NEGATIVE,ANGER
Κυρίες μου να επιλέγετε λοιπόν Κασσελάκηδες στο εξής,NEGATIVE,ANGER
Τι δηλώσεις είναι αυτές;,NEGATIVE,ANGER
Δεν ντρεπόμαστε λέω εγώ,NEGATIVE,DISGUST
Πάλι μας ενδιαφέρει η λαμπρή σταδιοδρομία και ο κακοποιητης;,NEGATIVE,ANGER
Για το θύμα; Δε διάβασα μισή γραμμή,NEGATIVE,ANGER
Μισή γραμμή για τα όσα έζησε η γυναίκα,NEGATIVE,SADNESS
Θα βγούν και άλλοι να στηρίξουν τον τύπο;,NEGATIVE,ANGER
Στα ανάθεμα όλοι σας,NEGATIVE,ANGER
Πάντως με Λύτρα και metoo πλέον δεν μπορούμε να πλησιάσουμε ούτε θηλυκή μύγα για φλέρτ,NEGATIVE,ANGER
Εννοώ το παραδοσιακό όχι μέσα από apps και net,NEUTRAL,NO-EMOTION
"Καλημέρα θα λέμε και η απάντηση θα είναι ""βιαστής ή κακοποιητης?""",NEGATIVE,ANGER
Γιατί οι άντρες όταν οι γυναίκες τους αποφασίζουν να τους χωρίσουν πρέπει απαραίτητα να τις σκοτωνουν ή να τις σπάνε στο ξύλο;,NEGATIVE,ANGER
τι να πώ ντρέπεται και η ντροπή,NEGATIVE,DISGUST
Δεν είδαμε όμως να είσαι με το θύμα Φουρέιρα όταν ο μεθυσμένος Μαρινάκης Junior την παρενοχλούσε επί σκηνής,NEGATIVE,DISGUST
Όπου σας παίρνει είστε με το θύμα σούργελα,NEGATIVE,ANGER
Κάτω τα ξερά σας από τις γυναίκες,NEGATIVE,ANGER
Ανδρείκελα,NEGATIVE,DISGUST
Κομπλεξικοί που η μάνα σας προσπάθησε να σας μεγαλώσει και να μην σας χαλάει τα χατίρια και εάν δεν σας δίνουν αυτό που θέλετε το παίζεται νταήδες,NEGATIVE,ANGER
Κάπου εδώ αξίζει να πούμε πως αν απλά τσακώθηκαν και τον κατήγγειλε για σπάσιμο είναι χοντρή μαλακία,NEGATIVE,DISGUST
Υπάρχουν γυναίκες που όντως περνάνε δύσκολα,NEGATIVE,SADNESS
Χάνεται η αξιοπιστία αληθινών καταγγελιών,NEGATIVE,SADNESS
Με κάτι τέτοια χάνει ισχύ και χλευάζεται το metoo,NEGATIVE,ANGER
Τεράστιος ο τύπος που παρενοχλήσε μια γυναίκα πάνω σε σκηνή επειδή τραγούδησε σε εκδήλωση του,NEGATIVE,ANGER
Συνεχίστε έτσι μας προκαλείτε γέλιο,POSITIVE,JOY
Ο πιλότος σκότωσε τη γυναίκα του,NEGATIVE,DISGUST
Ο Αποστόλης άπλωσε χέρι σε μια γυναίκα και όχι στη γυναίκα του,NEGATIVE,DISGUST
ΑΝ ΑΥΤΟ ΔΕΝ ΕΙΝΑΙ ΒΟΘΡΟΣ ΤΟΤΕ ΤΙ ΕΙΝΑΙ?,NEGATIVE,DISGUST
Στην πραγματικότητα το metoo δεν δίνει δεκάρα για τα θύματα γιατί όταν θεώρησε ότι η Μπεκατώρου από την οποία ξεκίνησε η βιομηχανία των συκοφαντικά ψευδών καταγγελιών,NEGATIVE,ANGER
δεν είναι χρήσιμη,NEGATIVE,ANGER
την παράτησαν σαν στυμμένη λεμονόκουπα,NEGATIVE,SADNESS
"Να μας πει ο κύριος Κούγιας πόσα ""αντρικά χαρακτηριστικά"" έχει η στάση ενός λειτουργού της Δικαιοσύνης που κρύβεται για να γλυτώσει το αυτόφωρο",NEGATIVE,DISGUST
όταν την προηγούμενη ημέρα ο ίδιος ζητούσε δημόσια συγγνώμη,NEGATIVE,DISGUST
Χρόνια τώρα ζητάμε από το δικηγορικό σύλλογο αθηνών να καταδικάσει αυτές τις συμπεριφορές από την εποχή του metoo,NEGATIVE,ANGER
Και δεν έχουν κάνει τίποτα,NEGATIVE,ANGER
Πάρτε το παρασκήνιο μπας και πάρετε χαμπάρι ότι είναι συνειδητή απόφαση η στήριξη των κακοποιητών,NEGATIVE,ANGER
Στο metoo είχαμε κάνει μεγάλη εκστρατεία να ενημερώσουμε όλους τους διαφημιστές των εκπομπών,POSITIVE,JOY
"Μόνο όταν πήραν θέση αυτοί και είπαν ""αποσύρουμε τη διαφήμιση"" τότε μαζεύτηκαν οι εκπομπές(πχ Η Σκατιάνα που ξέπλενε τον Λιγνάδη)",NEGATIVE,ANGER
ΟΛΑ ΓΙΑ ΤΟ ΧΡΗΜΑ,NEGATIVE,ANGER
Αναρτούν τα πρεζοπρόβατα με καμάρι φωτογραφία του βουτυρομπεμπέ που επιτέθηκε στην Φουρέιρα και κάνουν και πλακίτσα από κάτω με το γεγονός,NEGATIVE,DISGUST
Ναι έχετε δίκιο δεν είμαστε ίδιοι,NEGATIVE,SADNESS
Εμείς καταδικάζουμε τα λεγόμενα του φασίστα,NEGATIVE,ANGER
να μου το θυμηθείτε η Σοφία θα δολοφονηθεί,NEGATIVE,FEAR
Οι εξελίξεις που συμβαίνουν είναι πολύ σοβαρές και πλέον παύει να έχει χιούμορ το όλο θέμα,NEGATIVE,FEAR
ΔΕΝ ΜΕ ΑΦΟΡΑ ΚΑΘΟΛΟΥ ΑΝ ΚΑΤΑΣΤΡΕΦΕΤΑΙ Η ΚΑΡΙΕΡΑ ΤΟΥ ΟΠΟΙΟΥΔΗΠΟΤΕ ΚΑΚΟΠΟΙΗΤΗ,NEGATIVE,ANGER
"Παραληρηματική ομοφοβική δήλωση ανακοίνωση που δεν περιέχει ίχνος νομικού λόγου, σκέψης, τεκμηρίωσης και δεοντολογίας",NEGATIVE,ANGER
όπως θα όφειλε να είναι μία ανακοίνωση δικηγορικού γραφείου,NEGATIVE,ANGER
Η ενδοοικογενειακή βία δε δικαιολογείται και δε συγχωρείται,NEGATIVE,ANGER
Δεν έχει κοινωνική ούτε οικονομική και μορφωτική τάξη εθνικότητα και φύλο αν και στατιστικά πλήττονται περισσότερο γυναίκες και παιδιά,NEUTRAL,NO-EMOTION
Η ενδοοικογενειακή βία δεν ξεπλένεται,NEGATIVE,DISGUST
Είναι βαθύ τραύμα στην ατομική ελευθερια είναι ΕΓΚΛΗΜΑ,NEGATIVE,ANGER
ΗΛΙΘΙΑ,NEGATIVE,ANGER
Χειρότερο από τη σιωπή για τον κακοποιητή Λύτρα : η προσπάθεια να στοχοποιηθεί η σύζυγος θύμα,NEGATIVE,DISGUST
Τόσο metoo και δεν έμαθαν ότι το θύμα μπορεί και δικαιούται να είναι τρομοκρατημένο,NEGATIVE,ANGER
"Τελικά το ""ας πρόσεχε"" ζει και βασιλεύει",NEGATIVE,SADNESS
Η έμφυλη βία βρίσκεται μερικές φορές πίσω από την ευτυχία των ζευγαριών που βλέπουμε στα media,NEGATIVE,SADNESS
Τι μπορεί να μας διδάξει η υπόθεση του Απόστολου Λύτρα;,NEGATIVE,ANGER
Δεν λέει κάτι που δεν το ξέρουμε και δεν καταλαβαίνω γιατί είναι πλυντήριο?,NEGATIVE,ANGER
Δεν το ξέρεις εσύ ότι το μεγαλύτερο πρόβλημα στα εγκλήματα έμφυλης βίας είναι ότι δεν καταγγέλλονται?,NEGATIVE,ANGER
Βέβαια όσοι σπιντάρετε κατά του metoo μάλλον σας αρέσει να μην καταγγέλλονται,NEGATIVE,ANGER
"Εάν ένας άντρας είναι κακοποιητικός δε μας νοιάζει αν είναι μαύρος, δικηγόρος, αριστερός, δεξιός, αλλόθρησκος, φτωχός, πλούσιος",NEGATIVE,ANGER
Ο νόμος πρέπει να είναι αυστηρός για όλους,NEGATIVE,ANGER
ΣΚΟΥΠΙΔΙΑ ,NEGATIVE,DISGUST
ίσως ανέλαβε την υπεράσπιση άλλων γυναικών ακριβώς επειδή δε μπορεί να προστατεύσει τον εαυτό της,NEGATIVE,SADNESS
ίσως θέλει να δώσει σε εκείνες την δύναμη που εκείνη δε βρίσκει ή προσπαθεί να βρει,NEGATIVE,SADNESS
ίσως το να κατηγορούμε τα θύματα δε βοηθάει,NEGATIVE,SADNESS
ΛΕΩ ΕΓΩ ΤΩΡΑ ΙΣΩΣ,NEGATIVE,ANGER
Πόσο εύκολο νομίζετε ότι είναι για ένα θύμα να παραδεχτεί την αλήθεια ακόμα και στον ίδιο του τον εαυτό του;,NEGATIVE,SADNESS
Πόσο εύκολο νομίζετε ότι είναι να μη σκέφτεται τις απόψεις της κοινωνίας για τα θύματα;,NEGATIVE,SADNESS
Πόσο εύκολο νομίζετε ότι είναι να πάει κόντρα στον κακοποιητή του;,NEGATIVE,SADNESS
Δε μπορείς να το δεχτείς γιατί δεν εννοείς ούτε εσύ ούτε και άλλοι να καταλάβετε ότι ο λόγος που τα θύματα αρνούνται αρχικά τη βοήθεια δεν είναι από μαζοχισμό,NEGATIVE,ANGER
αλλά κυρίως από φόβο για εκδίκηση από τους θύτες,NEGATIVE,FEAR
Αλλά συνέχισε το victim blaming από το ρόζ συννεφάκι σου,NEGATIVE,ANGER
Όχι δεν είναι άξιες της μοίρας τους μερικές,NEGATIVE,ANGER
Άλλο η ψυχολογία και η αντίληψη των θυμάτων και άλλο πως νιώθουμε και σκεφτόμαστε εμείς που έχουμε την ψυχραιμία του θεατή,NEGATIVE,ANGER
Θέλουν βαθιά μέσα τους να σωθούν αλλά νικάει ο φόβος από τις απειλές,NEGATIVE,FEAR
Δεν το κάνουν επίτηδες,NEGATIVE,ANGER
Η καημένη η γυναίκα,NEGATIVE,SADNESS
είναι ΤΕΛΕΙΩΣ καταρρακωμένη και αποδιοργανωμένη,NEGATIVE,SADNESS
Δε πιστεύει ότι βιάστηκε και 2η φορά από το δικαστήριο,NEGATIVE,DISGUST
"Φτύσιμο και ντροπή στη ""δικαιοσύνη""",NEGATIVE,DISGUST
"Υπάρχουν γυναίκες που μας λένε ότι υπερασπίζονται μόνο ωραίες, ηθικές και ντυμένες γυναίκες",NEGATIVE,DISGUST
"Οι ""άλλες"" άμα είναι θύματα",NEGATIVE,DISGUST
δεν πειράζει έχουν προκαλέσει λένε,NEGATIVE,ANGER
Αυτές οι metoo είναι καλά στην υγεία τους;,NEGATIVE,FEAR
"Έχουν καιρό να βγούν να καταδικάσουν και έχουν γίνει πολλές γυναικοκτονίες από Παλαιστίνιους, γύφτους, αναρχικούς κλπ",NEGATIVE,ANGER
Αν ξέρει κάποιος κάτι να το πει,NEGATIVE,SADNESS
Ανησυχώ🤭🤭🤭,POSITIVE,JOY
Δηλαδή αν ήταν υπάλληλος δε θα πείραζε να της συμπεριφέρεται έτσι?,NEGATIVE,ANGER
Έχουμε γίνει πολύ δουλικά μου φαίνεται,NEGATIVE,ANGER
"Όσο για το metoo μπορεί να τα βάλει με τους ""άρχοντες"" του τόπου?",NEGATIVE,FEAR
Μια παρατήρηση προς τις ευαίσθητες και τις metoo,NEGATIVE,ANGER
Αν ο Μητσοτάκης μιλούσε απαξιωτικά σε γυναίκα δημοσιογράφο και το έσκαγε,NEGATIVE,ANGER
"θα μιλούσατε για τοξικότητα, ρατσισμό,η Ακρίτα θα ήταν στα κάγκελα,",NEGATIVE,ANGER
θα λέγατε ότι η δημοσιογραφία στην Ελλάδα είναι υπό διωγμό,NEGATIVE,ANGER
Θα πείτε κάτι τώρα?,NEGATIVE,ANGER
Ελεύθερος με όρους ο 27χρονος  Παλαιστίνιος βιαστής – Σοκ και οργή προκαλεί η απόφαση,NEGATIVE,ANGER
"Συνελήφθη έπειτα από καταγγελία για βιασμό, ξυλοδαρμό και επίθεση με μαχαίρι",NEGATIVE,DISGUST
Η γυναίκα βρέθηκε δεμένη και γυμνή σε σπίτι στην Ομόνοια,NEGATIVE,SURPRISE
"Φωτογραφία από τη μεγαλειώδη συγκέντρωση φεμινιστικών και αριστερών οργανώσεων στην πλατεία Συντάγματος σε ένδειξη αλληλεγγύης στην 33χρονη κοπέλα που μαχαιρώθηκε, βασανίστηκε και βιάστηκε στην Ομόνοια όπως προκύπτει από το ρεπορτάζ από 27χρονο Παλαιστίνιο",NEGATIVE,SADNESS
Meetoo βγείτε από τα λαγούμια σας…,NEGATIVE,ANGER
Άλλη μια γυναικοκτονία και το αριστερό ΤL μούγκα στην στρούγκα,NEGATIVE,ANGER
Γελοία μισανθρωπάκια,NEGATIVE,DISGUST
Έλεος με τους αλλοδαπούς γυναικοκτόνους,NEGATIVE,ANGER
Αφήστε και καμιά να ζήσει,NEGATIVE,DISGUST
Σιχαμένες metoo που είστε σήμερα;,NEGATIVE,DISGUST
Και κλάμα οι metoo που δεν είχαμε άλλη μια γυναικοκτονία για να ξεσπάσουν πάλι στο πληκτρολόγιο τους,NEGATIVE,ANGER
"58χρονος στην Κέρκυρα, συνελήφθη για σεξουαλική παρενόχληση 15χρονης",NEGATIVE,ANGER
"Μάλιστα, φαίνεται να ανήκει στο στενό περιβάλλον της οικογένειας",NEGATIVE,DISGUST
Θα το ξαναπώ: Δεν είναι ένας και δύο είναι πολλοί και είναι πιο κοντά σας από ότι φαντάζεστε,NEGATIVE,FEAR
Τερματισμός πίστας,NEUTRAL,NO-EMOTION
Ελεγχόμενος για βιασμό και έμφυλη βία κοκορεύεται ότι είναι σε κόμμα που προωθεί την έμφυλη ισότητα,NEGATIVE,ANGER
Μόνο στην Ελλάδα αυτά,NEGATIVE,DISGUST
Της επιτέθηκαν τα σκουλήκια γιατί απλά ήταν γυναίκα,NEGATIVE,DISGUST
Μακάρι να είναι ένα πρώτο βήμα και να αρχίζει να ξεβρωμίζει η χώρα όπως έγινε με το MeToo,POSITIVE,JOY
Άρα μας λες ότι οι γυναίκες πρέπει να λυπούνται τους εγκληματίες που τις χτύπησαν ώστε να υπάρχει το ρίσκο την επόμενη φορά να τις σκοτώσουν και κατόπιν οι ΑΡΙΣΤΕΡΟΙ ΗΛΙΘΙΟΙ να βγουν πάλι και να κακαρίζουν στο twitter/X σωστά;,NEGATIVE,ANGER
ΤΟ ΚΡΑΤΑΜΕ,NEGATIVE,ANGER
"Δεν βλέπουμε τοποθέτηση απέναντι στη λεκτική ιντερνετική και υποτιμιτική βία προς τους άνδρες και τα αγόρια σε κοινωνικό,πολιτικό,εκπαιδευτικό,αθλητικό και οικογενειακό επίπεδο",NEGATIVE,ANGER
ο κολλητός του παιδοβιαστή έχει το θράσος να τα βάλει με την Μπλάνσετ και το metoo,NEGATIVE,ANGER
Τέτοια σκουπίδια πληρώνουμε με τους φόρους μας,NEGATIVE,DISGUST
Και μετά τολμούν οι αριστεροί να μιλάνε για victim blaming κίνημα me too και black lives matter,NEGATIVE,ANGER
Μόνο ντροπή για αυτές τις απόψεις,NEGATIVE,DISGUST
"Ελπίζω να μην πέσει ποτέ θύμα βιασμού και από πάνω να πρέπει να το ""αποδείξει""",NEGATIVE,SADNESS
Η άλλη έφαγε μπουνιές από τον Αφγανό αλλά δεν του έκανε μήνυση γιατί τον λυπήθηκε λέει,NEGATIVE,ANGER
Καλά έκανες κοπελιά,POSITIVE,JOY
Να αφεθεί ελεύθερος να πλακώσει στις φάπες την επόμενη,NEGATIVE,ANGER
32χρονος Πακιστανός βίαζε επί δύο χρόνια το 9χρονο κοριτσάκι της συντρόφου του,NEGATIVE,DISGUST
Metoo???,NEUTRAL,NO-EMOTION
πουλ πουλ πουλ πουυυλ,NEGATIVE,ANGER
Που είσαι;,NEUTRAL,NO-EMOTION
metoo εσείς φταίτε για αυτό η σιωπή σας,NEGATIVE,ANGER
Λυπούμεθα αλλά δεν θα υπάρξουν αντιδράσεις και διαμαρτυρίες από τις γνωστές οργανώσεις για τα δικαιώματα της γυναίκας,NEGATIVE,SADNESS
Η μικρή αργοπορία οφείλεται στο ότι διασταύρωναν πληροφορίες μην τυχόν και ήταν έλληνας ο δράστης εκ της διευθύνσεως,NEGATIVE,DISGUST
Το MeToo είναι αντιχριστιανική εγκληματική οργάνωση που προσβάλλει και μισεί θανάσιμα όλους τους Χριστιανούς και γενικά τους straight άντρες,NEGATIVE,ANGER
αλλά ακόμα και τους gay όπως το αθώο θύμα τους Kevin Spacey,NEGATIVE,ANGER
Χωρίς αδιάσειστες αποδείξεις καταστρέφουν ζωές και καριέρες πολλών αντρών🤬,NEGATIVE,ANGER
Μπα... πετάνε χαρταετό οι MeToo όταν πρόκειται για λάθροεπενδυτες,NEGATIVE,ANGER
Τέρατα,NEGATIVE,DISGUST
Αλήτες,NEGATIVE,ANGER
Σκουπίδια της ανθρωπότητας,NEGATIVE,DISGUST
Μακάρι να είναι η τελευταια σας εγκληματική πράξη,NEGATIVE,ANGER
MeToo και σκατά στα μούτρα σας,NEGATIVE,ANGER
Πουλημένες ψυχές,NEGATIVE,ANGER
Κουράγιο Ισραήλ,NEGATIVE,SADNESS
Κουράγιο,NEGATIVE,SADNESS
"Αν ήταν λευκός, στρέητ άνδρας και μάλιστα γηγενής θα τον είχαν κρεμάσει ήδη σε κάποια πλατεία πριν καν γίνει η δίκη",NEGATIVE,ANGER
Εκεί στόχευσε το Metoo,NEUTRAL,NO-EMOTION
Το MeToo νομίζω ότι είναι αντικειμενικό,POSITIVE,JOY
εκτός αν πρόκειται για αλλοδαπούς δράστες και ειδικότερα λαθρομετανάστες,NEGATIVE,ANGER
🤭🤭🤭,POSITIVE,JOY
Και μας μάραναν τα metoo και η γυναικεία αλληλεγγύη,NEGATIVE,ANGER
Ποια μωρέ;,NEUTRAL,SURPRISE
που μωρέ;,NEUTRAL,SURPRISE
που η μεγαλύτερη ανθρωποφαγία και αναισθησία τελικά από γυναίκες σε γυναίκες γίνεται,NEGATIVE,ANGER
Ντρέπομαι ειλικρινά,NEGATIVE,DISGUST
Κάτι δικά μου λέω και ξέρω πολύ καλά τι λέω,NEGATIVE,ANGER
Εσείς το ξέρατε ότι το να πιάσει κάποιος στα γενετικά δεν είναι σεξουαλική παρενόχληση,NEGATIVE,ANGER
Το κρατάμε σκριν γιατί είναι κότα και θα το σβήσει,NEGATIVE,ANGER
Καλησπέρα metoo,NEUTRAL,NO-EMOTION
Φασίστας γυναικοκτόνος ομοφοβικός ο Αλβανός δράστης,NEGATIVE,ANGER
Έξω οι φασίστες από την χώρα μας,NEGATIVE,ANGER
Sorry παίδες,NEGATIVE,SADNESS
αλλά αυτό δεν είναι τέχνη για εμένα,NEGATIVE,ANGER
"Σε μια εποχή που έχουν αυξηθεί οι βιασμοί, οι γυναικοκτονίες δεν γίνεται αυτό το πράγμα",NEGATIVE,ANGER
Είναι εμπορευματοποίηση της γυναικείας φύσης,NEGATIVE,DISGUST
Θα έπρεπε το metoo να παρέμβει,NEGATIVE,ANGER
Θα μου πείς δεν έχω ιδέα απο τέχνη,NEGATIVE,ANGER
Oκ,NEUTRAL,NO-EMOTION
Εκεί έχουμε αντιμετώπιση '60,NEGATIVE,ANGER
Μόνο τον βιασμό τον μετέφεραν στο 2024 για να γίνει σύνδεση με metoo κλπ,NEGATIVE,ANGER
Τρικάκι για τον ντόρο,NEGATIVE,DISGUST
Τους Αλβανούς λαθρομετανάστες που πίνουν λίτρα αλκοόλ και παίρνουν ναρκωτικά τους ρωτήσατε πότε θα σταματήσουν να σκοτώνουν γυναίκες;,NEGATIVE,ANGER
Πούστης αυτοκτόνησε και λαθρομετανάστης δολοφόνησε,NEGATIVE,ANGER
Τίποτα καινούργιο,NEUTRAL,NO-EMOTION
"Αυτό που γίνεται τόσες ημέρες με τη Μαρίνα Σάττι και όλη την ομάδα της eurovision (χορευτές, παρουσιαστές κτλ) είναι ξεκάθαρα ΒΙΑ λεκτική και ψυχολογική βια",NEGATIVE,ANGER
Πόσο γρήγορα ξεχάστηκαν και τα metoo και τα δεν εισαι μόνος/η και όλα,NEGATIVE,SADNESS
Κοίταξε τώρα αν δείτε το χέρι του Λαγούτη την κρατάει από την κοιλιά,NEUTRAL,NO-EMOTION
Αυτό το κάνει γιατί στην πραγματικότητα την εμποδίζει από το να απομακρυνθεί από κοντά του,NEGATIVE,ANGER
Είναι βάναυσος και θα έπρεπε ήδη να έχει γίνει καταγγελία στο metoo,NEGATIVE,DISGUST
Νομίζω σας κάλυψα χειροκροτήστε με,POSITIVE,JOY
"Ο παιδοβιαστης το 2019 έφαγε είκοσι χρόνια αποφυλακίστηκε στα 2 ""για λόγους υγείας""",NEGATIVE,ANGER
Καλή όρεξη στα σκουλήκια,NEGATIVE,DISGUST
*Παρατίθεται θρεντάκι από την καταδίκη του το 2019,NEUTRAL,NO-EMOTION
Αν δεν εξυπηρετεί το ιδεολογικό αφήγημα δεν μας νοιάζει,NEGATIVE,ANGER
Είδατε τις metoo να λένε τίποτα για τον βιασμό 16χρονης Βρετανίδας από Πακιστανό?,NEGATIVE,ANGER
Η Μαρίνα Σάττι αγαπάει όλο το κόσμο και ιδαίτερα τύπους σαν και αυτούς,NEGATIVE,DISGUST
Τα σόσιαλ σου δείχνουν ότι δεν είσαι ο μόνος μαλάκας πάνω σε αυτή την γή και ότι υπάρχουν και άλλοι ταλαίπωροι,NEGATIVE,ANGER
Κανένας μονος,NEGATIVE,SADNESS
Αύριο μεθαύριο όλοι αυτοί που κάνουν ομαδικό μπουλινγκ στη Μαρίνα θα μιλούν για το metoo και θα λένε ότι είναι στο πλευρό των θυμάτων κάθε είδους κακοποίησης,NEGATIVE,DISGUST
Ειρωνικό ε;,NEGATIVE,DISGUST
Εξαρτημένοι από το σεξ και τον Αλλάχ,NEGATIVE,DISGUST
Εκτός από εξατμίσεις αυτοκινήτων βιάζουν και πεθαμένους σε τάφους,NEGATIVE,DISGUST
"Έχω όλο το δικαίωμα να αηδιάζω, να  ""Ισλαμοφοβάμαι"" και να μην χαρακτηρίζομαι ρατσίστρια",NEGATIVE,DISGUST
Έχασε τις αισθήσεις της από φόβο η κακομοίρα,NEGATIVE,SADNESS
"Είπαμε δεν θα ενοχλείτε το MeToo αν δεν είναι λευκός, Έλληνας, χριστιανός, φορολογούμενος",NEGATIVE,ANGER
Χαλάει το αφήγημα και έχουμε σύγκρουση συμφερόντων,NEGATIVE,ANGER
"Τι θέλετε μαντάμ, να μιλήσουμε για ""πατριαρχία"" στους ισλαμιστές?",NEGATIVE,ANGER
Ανήλικη?Λυπούμαστε είστε μόνες σας σε τέτοιες περιπτώσεις,NEGATIVE,DISGUST
"Μου αρέσει που σε κατηγορούν για ""μισογυνισμό"" (😂) τα ηλίθια αριστερά σκατά που υποστηρίζουν τους ανώμαλους και υπονομεύουν τις πραγματικές γυναίκες",NEGATIVE,DISGUST
Η υποκρισία στο κόκκινο,NEGATIVE,ANGER
Αυτούς υποστηρίζετε εσείς και το MeToo που δεν έβγαλαν ούτε μια λέξη για τους βιασμούς που δέχθηκαν οι Ισραηλινές άμαχες πριν πέσουν νεκρές και όσο βρίσκονταν σε ομηρία σύμφωνα με τον ΟΗΕ,NEGATIVE,ANGER
Καημενούλα,NEGATIVE,SADNESS
Πού μεγάλωσες και εσύ,NEGATIVE,SADNESS
Τι έχεις ακούσει να λέει ο μπαμπάς σου στη μανούλα σου,NEGATIVE,SADNESS
"Η ψυχική υγεία είναι δικαίωμα, να ξέρεις",NEGATIVE,ANGER
Να το κοιτάξεις,NEUTRAL,NO-EMOTION
Καμία μόνη,NEGATIVE,SADNESS
Η Ελλάδα παίζει να είναι η μοναδική χώρα στο  κόσμο όπου η εκπρόσωπος του MeToo και ένας κατηγορούμενος για έμφυλη βία και βιασμό είναι υποψήφιοι στις Ευρωεκλογές,NEGATIVE,DISGUST
Ευτυχώς όχι στο ίδιο κόμμα,POSITIVE,JOY
Αυτό λέει πολλά για την ποιότητα της δημοκρατίας μας,NEGATIVE,DISGUST
"Τόσο πολύ στο ΒΟΥΛΒΑ ΤΟΥΣ οι νόμοι, οι κανόνες, η ηθική",NEGATIVE,DISGUST
ΔΕΝ τις νοιάζει,NEGATIVE,ANGER
Η άλλη βίαζε 11χρονο παιδί μέχρι και λίγους μήνες πρίν παντρευτεί,NEGATIVE,DISGUST
την έκαναν τσακωτή και συνέχιζε να ενοχλεί το παιδί,NEGATIVE,DISGUST
"Εδώ δεν έχει ""εκπαιδευστε τις κορες σας"";",NEGATIVE,ANGER
Δεν έχει Metoo;,NEGATIVE,ANGER
Το μόνο που χρειάζεται είναι να υπάρξει ένα αντίστοιχο κίνημα όπως το metoo για αλληλεγγύη αντρών,NEGATIVE,ANGER
Εκτός του γεγονότος ότι θα είναι πολύ ισχυρό καθώς τόσα αλληλομαχαιρώματα δεν παίζουν,NEGATIVE,ANGER
είναι καιρός να αντισταθούμε σε αυτή τη λαίλαπα,NEGATIVE,ANGER
Αφού μας θέλουν απέναντι ας είναι έτσι,NEGATIVE,ANGER
Συμπεράσματα από Πασκάλ Μπρυκνέρ έως τώρα προσαρμοσμένα στην ελληνική πραγματικότητα,NEUTRAL,NO-EMOTION
Κρατήστε το σπάνκιγκ στα χρωματικά όρια κάτω του μπουργκουντί wine red γιατί άμα μπλαβιάσει το πωπουδάκι κινδυνεύετε με cancel και metoo,NEGATIVE,DISGUST
"Έχουν κακοποιηθεί/δολοφονηθεί τόσες γυναίκες από άντρες που δεν σεβάστηκαν και έκαναν το αντίθετο από το ""όχι"" αυτών των γυναικών το ""φύγε"" και το ""δεν θέλω""",NEGATIVE,ANGER
"Όχι δεν είναι η ""άλλη άποψη"" αυτό το τουίτ που πρέπει δημοκρατικά να σεβόμαστε",NEGATIVE,ANGER
Με έναν όρο γυναικοκτονία και ένα Metoo κατάφεραν να μετατρέψουν το χώρο της πολιτικής σε μια lifestyle εκπομπή που ασχολούμαστε με περιόδους και σερβιέτες,NEGATIVE,DISGUST
"Σε μια εκπομπή που αν δεν ασπαστείς το ""άγιο αφήγημα"" του φεμινιστικού δόγματος σε βγάζουν και εγκληματία",NEGATIVE,DISGUST
"Αν λεχθεί κάτι τέτοιο εδώ θα γίνει cancel, ban, MeToo, blm και όλα μαζί",NEGATIVE,ANGER
Μην κοροιδεύεις ξέρεις τι έχω περάσει εγω για να βγάλω ένα εισητήριο?,NEGATIVE,ANGER
Άσε μη σου πω γιατί θα αυτοκτονησεις,NEGATIVE,FEAR
Τι αγκαλιές και φιλιά ρε είναι αυτά;,NEGATIVE,DISGUST
Τη ρώτησες πρώτα θρασύτατο αρσενικό;,NEGATIVE,ANGER
Που είναι το metoo ?,NEGATIVE,ANGER
Ρωτήστε τον μεγάλο αρχηγό όμως την Μπίκα να την ψηφίσουμε ή ο μπαρμπά Γιώτης θα εκπροσωπεί από μόνος του το metoo στην ευρωβουλή;,NEGATIVE,ANGER
"Το γέλιο θα πέσει με τα επιδόματα ψευτοδερμένης, ψευτοβιασμένης, ψευτοκακοποιημένης, στραβοφλερταρισμένης, στραβοκοιταγμένης,αγουροξυπνημένης",NEGATIVE,ANGER
που είναι η Ζέφη ρε παιδιά;,NEUTRAL,SURPRISE
μου έλειψε,NEGATIVE,SADNESS
εκτός και αν της έβαλαν φίμωτρο μέχρι τις εκλογες (εννοείται το κρατάτε κι αυτό),NEGATIVE,DISGUST
Τέτοια εργαλεία έδωσε το Metoo στην κάθε τελειωμένη,NEGATIVE,ANGER
Ήρθε η άλλη παράνομα χωρίς χαρτιά χωρίς λεφτά χωρίς τίποτα,NEGATIVE,ANGER
Την φιλοξένησε ένας συμπατριώτης της,NEUTRAL,NO-EMOTION
Της κάλυπτε όλα τα έξοδα όσο έμενε,NEUTRAL,NO-EMOTION
Όσο υπάρχουν MeToo με μειωμένη αντίληψη θα υπάρχουν και τέτοιες υποψήφιες,NEGATIVE,DISGUST
H Αναστασοπούλου ανακατεύτηκε σε ένα θέμα που δεν την αφορούσε,NEGATIVE,ANGER
ο Ψινάκης μίλαγε για συγκεκριμένο περιστατικό με την Συνατσάκη και όχι για όλο το metoo,NEUTRAL,NO-EMOTION
Ελπίζω οι κύριες της αθηναϊκής TV και metoo να καταδικάσουν την σεξιστική επίθεση του Φωτάρα αύριο και την λεκτική επίθεση,NEGATIVE,ANGER
Το βίντεο πρέπει να αναλυθεί επαρκώς γιατί προβοκάρει το θύμα να πάει κοντά του,NEGATIVE,ANGER
μπορούσαμε να είχαμε άλλη μια γυναικοκτονία,NEGATIVE,FEAR
Μας κάνετε πλάκα τώρα εδώ μέσα τώρα που είπε μια μαλακία ο Ψινάκης για την Συνατσάκη θυμηθήκατε το metoo,NEGATIVE,SURPRISE
Πω πω μαλάκα καλά μας κάνουν,NEGATIVE,ANGER
Το metoo δυστυχώς δεν έχει καταφέρει όσα θα θέλαμε,NEGATIVE,SADNESS
Μέχρι και ο Weinstein θα είναι ελεύθερος,NEGATIVE,DISGUST
Λυσάτε για ένα κίνημα που στην πραγματικότητα δεν έχει αλλάξει κάτι απλώς έχει αναδείξει το πρόβλημα,NEGATIVE,ANGER
Που να άλλαζε κιόλας τι θα λέγατε,NEGATIVE,ANGER
Είμαστε θύματα ανδρικής βίας και μας βρίζετε και από πάνω,NEGATIVE,ANGER
όλοι εσείς του metoo των καταγγελιών για ενδοοικογενειακή βία των διαμαρτυριών για τις γυναικοκτονίες μπορείτε να να μου εξηγήσετε γιατί εξακολουθείτε να γιορτάζετε για το Πάσχα κανονικά σαν να μην τρέχει τίποτα,NEGATIVE,DISGUST
που ο Χριστιανισμός είναι υπεύθυνος για την πατριαρχία,NEGATIVE,ANGER
Με τα λεγόμενα τις Σισούλας δηλαδή gay άνδρες ζευγάρια ούτε ζωγραφιστά δεν πρέπει να βλέπουν παιδιά,NEGATIVE,ANGER
αυτό που τόσο υπέρ είναι το MeToo,NEGATIVE,ANGER
ρε αποφασίστε τι υποστηρίζετε,NEGATIVE,ANGER
Μια γυναίκα τόσο δυνατή ανάμεσα σε Ψινάκιδες,POSITIVE,JOY
Μαίρη είσαι ότι καλύτερο μπορούσαμε να έχουμε στην κοινωνία,POSITIVE,JOY
Δηλαδή τώρα σοκαρίστηκαν που έμαθαν από τον Ψινάκη πως κάποιοι εκμεταλλεύονται το MeToo για προσωπική προβολή,NEGATIVE,DISGUST
Ας πει κάποιος στην Χριστίδου Συνατσάκη και όλα αυτά τα κλαπατσίμπαλα πως το ελληνικό MeToo μόνο κακό έχει κάνει,NEGATIVE,ANGER
Πάρτε παράδειγμα από την Παλιοσπύρου και σταματήστε να κάνετε τις μπεκάτσες,NEGATIVE,ANGER
Είστε εμετικές,NEGATIVE,DISGUST
H Αναστασοπούλου πετάχτηκε και ανακατεύτηκε σε ένα θέμα που δεν την αφορούσε,NEGATIVE,ANGER
ο Ψινάκης δεν είπε τίποτα κακό για το metoo,NEUTRAL,NO-EMOTION
Αυτό είναι δικό σας συμπέρασμα εξηγώ πως η συγκεκριμένη το κάνει γιατί τους δικούς της προσωπικούς λόγους,NEUTRAL,NO-EMOTION
οπότε για εμένα όλο αυτό είναι fake,NEGATIVE,DISGUST
Ας μην κρυβόμαστε το metoo το εκμεταλλεύτηκαν δυστυχώς πολλοί,NEGATIVE,SADNESS
Σας πονάει να ακούτε για ισότητα για γυναικεια παρενόχληση για το MeToo  και ο όρος γυναικοκτονία,NEGATIVE,ANGER
Όλοι αυτοί οι όροι στρίβουν το μαχαίρι στο εσωτερικευμένο μισογυνισμό σας,NEGATIVE,ANGER
Είμαστε με την Συνατσάκη,POSITIVE,JOY
με την Πηνελόπη και με όλες τις γυναίκες που τολμάνε να μιλήσουν,POSITIVE,JOY
Ούτε για τις παρένθετες που θα χρησιμοποιούνται για να κάνουν παιδιά οι όμοφυλόφιλοι,NEGATIVE,ANGER
Η γυναίκα ως μηχανή αναπαραγωγής μούγκα το metoo και όλες οι metoo,NEGATIVE,ANGER
Το έχουν ξεφτιλίσει,NEGATIVE,DISGUST
Απόψε είδαμε άλλη μία περίπτωση όπου γίνεται κακή χρήση του metoo από κάποια πρόσωπα,NEGATIVE,ANGER
Άλλο πράγμα ανέφερε ο Ψινάκης άλλο κατάλαβε η Αναστασοπούλου και όχι απλά παρεξήγησε,NEUTRAL,SURPRISE
αλλά έβγαλε ίσως ακόμη και μίσος,NEGATIVE,ANGER
Αυτό με απωθεί από το metoo ενώ ουσιαστικά είμαι με τα θύματα,NEGATIVE,DISGUST
το metoo με ποινικά λάθη και πλέον πολιτικά λάθη θα οδηγήσει σε δίκες για το τρόπο που κακοποιήθηκαν άνθρωποι στα σόσιαλ χωρίς τα μέσα να έχουν ενημέρωσει για το αποτέλεσμα,NEGATIVE,ANGER
ΤΟ ΚΑΝΣΕΛ ΚΑΛΤΣΙΟΥΡ που είδαμε σε Παπανώτα πρέπει να τελειώνει,NEGATIVE,ANGER
Εφετείο της Νέας Υόρκης ανέτρεψε σήμερα την καταδικαστική απόφαση για βιασμό και σεξουαλική επίθεση εις βάρος του άλλοτε πανίσχυρου παραγωγού του Χόλιγουντ Χάρβεϊ Γουάινστιν,NEUTRAL,NO-EMOTION
Δε θέλατε την Αχτσιόγλου για αρχηγό κόμματος και υποψήφια Πρωθυπουργό,NEUTRAL,NO-EMOTION
Μα προφανώς και αυτός ο τόπος δεν θα μπορούσε να βγάλει μια γυναίκα για πρωθυπουργό,NEGATIVE,ANGER
Εδώ συζητάμε επί 2 χρόνια γιατί πρέπει να υπάρχει ο όρος γυναικοκτονία,NEGATIVE,ANGER
Ήταν οι εποχές MeToo για την αμερικάνικη πρεσβεία έχουμε συμβατική υποχρέωση ολικού πιθικισμού,NEGATIVE,ANGER
Η Μπεκατώρου δεν έφερε μόνο ολυμπιακό μετάλλιο,POSITIVE,JOY
ήταν αυτή που ξεκίνησε και σήκωσε ψηλά όλο το κίνημα του ελληνικού MeToo,POSITIVE,JOY
Της αξίζει μια θέση στην Ευρωβουλή,POSITIVE,JOY
Απειλή βίας και το χειρότερο από όλα είναι πως οι άλλες γυναίκες έσπευσαν να δικαιολογήσουν,NEGATIVE,ANGER
Για αυτό και τα ψευτοκινήματα του metoo έχουν ήδη χρεωκοπήσει,NEGATIVE,ANGER
Παρεμπιπτόντως μετά την απειλή βίας έρχεται η ίδια η βία,NEGATIVE,ANGER
Να ρωτήσω κάτι με το φτωχό μου το μυαλό,NEUTRAL,NO-EMOTION
"Τέτοιες συμπεριφορές, τοξικές, δεν είναι βία;",NEGATIVE,ANGER
"(λεκτική, ψυχολογική) γιατί υποτιμάει κάνει την άλλη την κοπέλα που είναι μικρό κορίτσι να αισθάνεται χάλια",NEGATIVE,SADNESS
Γιατί εδώ το MeToo δεν παρεμβαίνει ή το ΕΣΡ;,NEGATIVE,ANGER
Θα φας τόσο ξύλο όταν έρθει η ώρα που ανοιγοκλείνεις πόρτες δυνατά δίχως έλεος,NEGATIVE,ANGER
αχ καημένο μου δεν θα υπάρξει Μελέτη και Μπέκα να σε σώσουν (εκτός αν πεθάνεις πρώτα και το πάμε ως δράμα ),NEGATIVE,ANGER
MeToo σούργελα του καπιταλισμού,NEGATIVE,ANGER
Αν αναρωτηθήκατε ποτέ γιατί το metoo δεν πήγε ποτέ στα τηλεοπτικά δείτε το πλυντήριο που στήθηκε για τον Παπανώτα και θα καταλάβετε,NEGATIVE,ANGER
Η μόνη που στάθηκε στο ύψος των περιστάσεων είναι η εκπομπή της Μπέττυ Μαγγίρα που τα είπε τα πράγματα με το όνομα τους,POSITIVE,JOY
Έλεος γαμώτο με τον Παπανώτα και την διαγραφή του,NEGATIVE,ANGER
Κουράσατε οι και καλά οι ψυχαγωγικές εκπομπές με το σούργελο τον Παπανώτα,NEGATIVE,ANGER
Η κυρία Μπεκατώρου ήταν ολυμπιονίκης αγαπητή αθλήτρια και σύμβολο του MeToo,POSITIVE,JOY
αλλα αφού έμπλεξε με την πολιτική αποδομείται ο μύθος της,NEGATIVE,ANGER
H Μπεκατώρου κεφαλαιοποιεί στο έπακρον το metoo με το ευρωβουλευτιλίκι,NEGATIVE,DISGUST
Το χρησιμοποιεί και σαν όπλο για να κάνει cancel αντιπάλους,NEGATIVE,DISGUST
Πήρε τελεσίγραφο και από την ολυμπιονίκη Σοφία Μπεκατώρου που μετά την εξομολόγησή της για τον βιασμό που υπέστη ξεκίνησε το metoo,NEGATIVE,SADNESS
δίνοντας τη δύναμη και σε άλλα θύματα να καταγγείλουν τα όσα έζησαν,POSITIVE,JOY
Ή εγώ ή αυτός φέρεται να διεμήνυσε στον πρόεδρο του ΣΥΡΙΖΑ η ολυμπιονίκης,NEUTRAL,NO-EMOTION
Εγώ είμαι με το μέρος του Δημήτρη Παπανώτα βάση της αρχική του δήλωσης,NEUTRAL,NO-EMOTION
Ναι αν μία γυναίκα παντρεύεται σατράπη και υπομένει ξυλοδαρμούς και δεν κάνει τίποτα για αυτό δεν αντιδρά,NEGATIVE,ANGER
ε ναι είναι μαζοχίστρια,NEGATIVE,DISGUST
ο Δημήτρης είναι θύμα του ψευτονεοφεμινισμού και MeToo,NEGATIVE,ANGER
Σύμφωνα με ένα ακάουντ εδώ μέσα οι γυναίκες έχουν δύο επιλογές ή Χρύσα Παραδείση ή γυναίκα του Στεπφορντ καμία άλλη δεξιότητα καμία άλλη ποιότητα χαρακτήρα δεν θα κρατήσει μια σχέση πιστή,NEGATIVE,DISGUST
Θέλουμε πίσω τις γυναίκες μας,NEGATIVE,SADNESS
Τις μάνες των παιδιών μας τις νοικοκυρές του σπιτιού μας και τις ερωμένες του κρεβατιού μας,NEGATIVE,DISGUST
Πάρτε τα φεμιφρικιά που μας φορτώσατε και φύγετε από δω,NEGATIVE,ANGER
Η οικογένεια είναι θεμέλιος λίθος η ραχοκοκκαλιά της κοινωνίας,POSITIVE,JOY
Ας φροντίσουμε να μάθουμε στα παιδιά να σέβονται να εκτιμούν να συνυπάρχουν αρμονικά,POSITIVE,JOY
Και αφού ο σεβασμός δεν επιβάλλεται αλλά εμπνέεται ας φροντίσουμε να τα εμπνεύσουμε σεβασμό με τη στάση ζωής και τη συμπεριφορά μας,POSITIVE,JOY
H Στάσα γίνεται τόσο σιχαμένη όταν λέει στην κόρη της να ΠΑΡΑΒΛΕΠΕΙ την βιαιότητα του άντρα της,NEGATIVE,DISGUST
Και πόσο θλιβερό είναι,NEGATIVE,SADNESS
όσο και αν δε θέλουμε να το δεχόμαστε ειδικά μετά απο την εμφάνιση του Metoo ΕΧΟΥΜΕ ΚΑΙ ΣΗΜΕΡΑ τετοιες ''μανάδες'',NEGATIVE,DISGUST
τους έδωσε το Metoo να μπορούν να θυματοποιούνται όπως θέλουν ότι ώρα θέλουν,NEGATIVE,ANGER
Να βγεί το μικρό να καταγγείλει τον πατέρα της επειδή της είπε ότι η ζωή της θα αλλάξει ριζικά αν κάνει μωρό στα 16,NEGATIVE,DISGUST
Θα τρελαθούμε,NEGATIVE,ANGER
Ευτυχώς να λέμε που η Εισαγγελέας είπε τα αυτονόητα,POSITIVE,JOY
Κάτι τελευταίο,NEGATIVE,
"γιατί μετά το metoo υπήρχε πλημμυρίδα καταγγελιών για ενδοοικογενειακή, ενδοσυζυγική, ενδόεργασιακή βία αν δεν ήταν αυτά τα περιστατικά που ήταν κατά κύριο λόγο ήταν underreported πριν;",NEUTRAL,NO-EMOTION
Τι έγινε metoo εδώ δεν έχει ποσταρίσματα;,NEGATIVE,ANGER
Άι στο διάολο άπλυτες και αγάμητες,NEGATIVE,ANGER
που διψάτε για το αίμα των νεκρών γυναικών από τα καθάρματα τους άντρες τους,NEGATIVE,ANGER
Δεν αυξήθηκαν τα περιστατικά αλλά αυξήθηκαν οι καταγγελίες,POSITIVE,JOY
Πιστέυω πως η γυναίκα σήμερα είναι περισσότερο ενημερωμένη λόγω του MeToo και καταγγέλνει τον θύτη της σε σχέση με παλιότερα,POSITIVE,JOY
Εαν βγούν τα πραγματικά νόυμερα θα φρίξετε,NEGATIVE,FEAR
Κάποιοι θεωρούν υπερβολική την τιμωρία των 30 χρόνων για τον πρώην πρόεδρο της ισπανικής ομοσπονδίας για το φιλί στην παίκτρια χωρίς την θέληση της,NEUTRAL,NO-EMOTION
Ναι βρε μαλακές να κάθονταν κιόλας να την βίασει για είναι σωστή η ποινή,NEGATIVE,ANGER
Μια χαρά ποινή για την υπερεκτίμηση εξουσίας,POSITIVE,JOY
Μου αρέσει που εκπλήσσονται μερικοί με τα λεγόμενα της Τζομπανάκη,POSITIVE,SURPRISE
Γιατί ψυχές μου;,NEUTRAL,NO-EMOTION
Η πλειοψηφία της επαρχίας και δε της Κρήτης έτσι σκέφτεται,NEGATIVE,DISGUST
Guess what: Το θύμα  ΔΕΝ φταίει ΠΟΤΕ ότι και αν κάνει,NEGATIVE,ANGER
Υπαίτιος ήταν είναι και θα είναι ΠΑΝΤΑ ο θύτης,NEGATIVE,ANGER
ΥΓ: Αυτές οι δηλώσεις από «έμπειρα» χείλη έχουν άλλη βαρύτητα,POSITIVE,DISGUST
Λειτουργούν ως άλλοθι ας το πει κάποιος στην «αυθεντία» με τρόπο όμως 😉,NEGATIVE,DISGUST
Αν ήταν νόμιμη η οπλοφορία για άμυνα στο ελλαδιστάν δεν θα μετρούσαμε τόσες νεκρές αδερφές μας,NEGATIVE,ANGER
"Αρχικά διάβασα ""δολοφονήθηκε από το αστυνομικό τμήμα"" και μου φάνηκε φυσιολογικό",NEGATIVE,ANGER
"Όταν ο Παπανώτας σχολίασε ότι η Δούνια θα μάθει μόδα το ευρωκοινοβούλιο
έπεσαν να τον φάνε",NEGATIVE,ANGER
Τώρα που σχολιάζει αισχρά τον Κασσελάκη είναι απλά μεσημέρι Σαββάτου,NEGATIVE,ANGER
Ντροπή σου κυρά μου,NEGATIVE,DISGUST
metoo και στα μούτρα σου,NEGATIVE,ANGER
Ακριβώς κατά τα άλλα οι φεμιναζι και οι MeToo μας πρήζουν τα αρχίδια για πατριαρχία,NEGATIVE,ANGER
για μία ακόμη φορά μια γυναίκα θύμα της πατριαρχικής εξουσίας,NEGATIVE,SADNESS
Παράπλευρες απώλειες ο Μανώλης και πόσοι άλλοι ακόμα,NEGATIVE,SADNESS
επιπλέον πολλαπλές δολοφονίες στη χειρότερη σειρά που παίχθηκε στην εποχή μάλιστα του MeToo,NEGATIVE,ANGER
Ντροπή σε όλους τους συντελεστές του Σασμού,NEGATIVE,DISGUST
Εγώ ξέρω ότι εμφανίστηκε μετά από 20 χρόνια και για χάρη της ξεκίνησε ένα κίνημα το MeToo,NEUTRAL,NO-EMOTION
το οποίο έχει μετατρέψει την καταγγελία σε αυτόματη καταδίκη από το δικαστήριο του πεζοδρομίου που τυχαίως βασιλεύει η αριστερά,NEGATIVE,ANGER
Το δικαστήριο που καταδικάζει όποιον την συμφέρει πολιτικά,NEGATIVE,ANGER
Η πρεσβεία θα έπρεπε να επικοινωνήσει με τον Δημήτρη να τον ρωτήσει αν αισθάνεται ασφαλής και να προσδιορίσει αν νιώθει ότι κινδυνεύει η ψυχική ή η σωματική του ακεραιότητα από ποιον επίσης και να τον παραπέμψει σε υπηρεσίες φροντίδας άμεσα,NEGATIVE,ANGER
Για την τηλεθέαση επικροτείτε συμπεριφορές ακραίες και λεκτικές επιθέσεις ασκώντας ψυχολογική πίεση στον James Καφετζή που έγινε ο σάκος του μποξ του κάθε πικραμένου του survivorGR που θέλει να κρύψει τα κόμπλεξ του ιδίως την κατωτερότητά του χτυπώντας τον,NEGATIVE,ANGER
25χρονη έβγαζε τις άλλες στο κλαρί,NEGATIVE,DISGUST
κατά τα άλλα metoo,NEGATIVE,ANGER
η κακή πατριαρχία και νταήδες άντρες και ο εγκέφαλος ήταν γυναίκα,NEGATIVE,ANGER
Η Πέμη Ζούνη γιατί απαλλάχθηκε απο κάθε κατηγορία για κακοποιητική συμπεριφορά;,NEUTRAL,SURPRISE
Γιατί ποτέ δεν είχε τη θέση της στο metoo;,NEUTRAL,SURPRISE
Επειδή είναι γυναίκα;,NEUTRAL,SURPRISE
Κίνημα metoo και εσύ να υποθέσω με σεβασμό στο γυναικείο φύλο ενάντια του σεξισμού κτλ,NEGATIVE,DISGUST
Α ρε καημένε,NEGATIVE,SADNESS
Για ποιό λόγο τα κανάλια παρουσιάζουν το πρόσωπο του θύματος και κρύβουν το πρόσωπο του κατηγορούμενου για βιασμό ηθοποιού τον οποίο μάλιστα τον αναφέρουν σαν σκηνοθέτη? ,NEGATIVE,ANGER
Τι είδους δημοσιογραφία είναι αυτή? ,NEGATIVE,ANGER
"Είναι τόσο συχνές αυτές οι καταγγελίες που στη συντριπτική τους πλειονότητα είναι ψευδείς από κτήνη ""μητέρες"" που ούτε με τα λουμπενάρια του MeToo δεν ασχολούνται",NEGATIVE,DISGUST
Ούτε ένα hashtag,NEGATIVE,DISGUST
"Ξέρουν ότι κατά πάσα πιθανότητα η ""αδερφή"" τους είναι ο πραγματικός θύτης",NEGATIVE,ANGER
Στη γειτονιά μου ερχόμενος από τη βόλτα με το σκύλο είδα τέσσερις έφηβες που η μία ήταν με μίνι ξεκάλτσωτη,NEUTRAL,SURPRISE
Πραγματικά αν ήμουν πατέρας δε θα την άφηνα να βγεί έτσι,NEGATIVE,DISGUST
Δεν ξέρω αν ήταν λόγω Απόκρεων πάντως πρέπει να υπάρχουν και όρια,NEGATIVE,DISGUST
Ζούμε σε επικίνδυνες εποχές,NEGATIVE,FEAR
Το metoo ισχύει μόνο αν είσαι διάσημη στη χώρα μας,NEGATIVE,ANGER
Αν είσαι ένα φτωχό 10χρονο από διαλυμένη οικογένεια είναι απλά Παρασκευή,NEGATIVE,SADNESS
Πες τα Μάκαρε,POSITIVE,JOY
Κάποιοι μπορεί να ισχυρίζονται οτι δε πετυχαίνεις ελέφαντα στα 2 μέτρα αλλά εγώ δεν αμφέβαλα ποτέ,POSITIVE,JOY
Είσαι ο Νο 1 insider του Ελληνικού τουίτα,POSITIVE,JOY
Ζήτω η Φρίμπα,POSITIVE,JOY
Ζήτω το BCL,POSITIVE,JOY
Το σκεπτικό είναι πως όταν σε μαχαιρώσουν οι Πατριώτες της Μπίκα αυτή θα παίρνει 30κ και εσύ θα πληρώσεις απογευματινό χειρουργείο,NEGATIVE,ANGER
Ούτε χειραψία θα σου κάνει ο Άδωνις,NEGATIVE,DISGUST
H περίπτωση της Γεωργίας Μπίκα που κατεβαίνει υποψήφια με τους Πατριώτες μου θύμισε την Ρόουζ Μακγκόουαν την αμερικανίδα ηθοποιό που ξεκίνησε το MeToo και στην συνέχεια αποδείχθηκε φούλ τραμπικιά,NEGATIVE,DISGUST
Μπορείς να είσαι θύμα και ασυναίσθητα ίσως να υποστηρίζεις μία πατριαρχική ιδεολογία,NEUTRAL,SURPRISE
Δεν είμαστε τόσοι όσοι φωνάζουμε εδώ μέσα,NEGATIVE,DISGUST
"Κάποιοι θα το παίξουν ευαίσθητοι για πολύ καιρό πιάνοντας ένα θέμα που τους βολεύει: Παλεστίνη,MeToo,Τέμπη,12χρονη κτλ",NEGATIVE,DISGUST
αλλά όσο η συζήτηση θα σοβαρεύει θα βγάζουν τη μάσκα μόνοι τους γιατί θα ασφυκτιούν μέσα σε αυτή,NEGATIVE,ANGER
"επειδή έχω δει κάποιες ατάκες τα τελευταία χρόνια που ουσιαστικά λένε να μην ασχολούμαστε με τη βία κατά των παιδιών ""γιατί είναι ακροδεξιά ρητορική"" ξεκινήστε από αυτό το άρθρο και ελπίζω να μην ξαναδω βλακείες",NEGATIVE,ANGER
Η Γεωργία Μπίκα η γυναίκα για την οποία το κίνημα MeToo και η αριστερά έκανε τεράστιο αγώνα και που ακόμα και σήμερα σπάνε το Αχίλλειον στην Θεσσαλονίκη για αυτή την υπόθεση,NEGATIVE,DISGUST
τώρα κατεβαίνει στις ευρωεκλογές με το κόμμα Πατριώτες του καραδεξιού Εμφιετζόγλου,NEGATIVE,DISGUST
Απόλαυση 😂,POSITIVE,JOY
Μπίκα δεν πιστεύω ότι θα ψηφίσετε γιατί ο Εμφιεντζόγλου πολλά είναι αλλά είναι και αντιτουριστικός,NEGATIVE,ANGER
ΝΔ όμως υποψιάζομαι ότι μιας και έφερε το νόμο όλο και κάτι θα πάρει,NEGATIVE,ANGER
ιδίως από ένα σύνολο με πολύ κόσμο που αντί για ταξική συνείδηση έχει ουράνια τόξα και συννεφάκια,NEGATIVE,ANGER
"Να βλέπεις αριστερούς ""δικαιωματιστές"" να ρίχνουν ψήφο στους πατριώτες πολύ γέλιο θα πέσει",POSITIVE,JOY
Χώρα παράδεισος για παιδοβιαστές 6 γράμματα αρχίζει από Ε τελειώνει σε Α,NEGATIVE,DISGUST
Γυναίκα η εισαγγελέας,NEUTRAL,NO-EMOTION
Ναι αυτή που θεωρεί οτι ο άτυχος Μίχος έμπλεξε στα δίχτυα ενός σατανικού 12χρονου παιδιού,NEGATIVE,ANGER
"Θέματα ανηλικότητας,καταλογισμού και συναίνεσης",NEUTRAL,NO-EMOTION
Αμφισβητούνται τα πάντα,NEUTRAL,SURPRISE
"Μιλήστε μου μετά για ισότητα των γυναικών,για metoo κλπ",NEGATIVE,ANGER
Αν υιοθετηθεί αυτό το κατάπτυστο αποκύημα βρωμερού μυαλού τι δικαστικό προηγούμενο έχει να ανοίξει;,NEGATIVE,DISGUST
Πόσες χιλιάδες γυναίκες ενήλικες και ανήλικες,NEUTRAL,NO-EMOTION
μην απασχολείτε τις αγαπητές MeToo διότι έχουν μπεί σε χειμερινή νάρκη μετά το περιστατικό με την 22χρονη και τον Ιρανό στην Ερμού,NEGATIVE,ANGER
Περιμένετε πρώτα να ξυπνήσουν,NEGATIVE,ANGER
Και κλάμα οι MeToo,NEGATIVE,SADNESS
Κατασκεύασαν την ιστορία τα σερβιετόπανα για να γλιτώσουν τις απουσίες,NEGATIVE,ANGER
5 χρόνια ο καημένος ο Καθηγητής προσπαθούσε να αποδείξει ότι δεν είναι ελέφαντας,NEGATIVE,SADNESS
Κατά το ΚΚΕ όποια κοπέλα δεν έχει χρήματα είναι η πουτάνα ή γαμιέται με μεσήλικες για να την ταΐζουν,NEGATIVE,ANGER
Κάποια αντίδραση από το κίνημα MeToo έχουμε;,NEUTRAL,SURPRISE
Σήμερα φάνηκε η χυδαία υποκρισία των MeToo,NEGATIVE,DISGUST
Εάν τις δηλώσεις Κουτσούμπα τις έκανε οποιοσδήποτε δεξιός σήμερα η Αθήνα δεν θα έβγαζε καπνούς λόγω Τσικνοπέμπτης αλλά λόγω καταστροφών,NEGATIVE,ANGER
Όταν τις αποκαλεί ουσιαστικά πόρνες ένας κομμουνιστής βγάζουν τον σκασμό,NEGATIVE,ANGER
Ντροπή και μόνο ντροπή,NEGATIVE,DISGUST
ζούμε στη χώρα που το τσιράκι της κυβέρνησης Λιγνάδης παιδοβιαστής όχι μόνο είναι έξω αλλά έχει τηλεοπτικό βήμα να κάνει πολιτικές δηλώσεις,NEGATIVE,ANGER
Αντί να τον έχουν βάλει κάτω να πεί που πήγαιναν οι ανήλικοι μετανάστες μετά τα σεμινάρια στο σπίτι του,NEGATIVE,ANGER
Έχω έτοιμο πανό για την αδερφή μας που μαχαιρώθηκε στην Ερμού,NEGATIVE,SADNESS
Καμία μόνη,NEGATIVE,SADNESS
Όχι ο κόσμος που ζούμε είναι πατριαρχικός και η θέση του άνδρα πιο ισχυρή,NEGATIVE,ANGER
εξού και oι αγώνες για την ανισότητα στους μισθούς ανδρών γυναικών και όλα τα κινήματα metoo,NEGATIVE,ANGER
αλλά τόσα ξέρεις τόσα λες,NEGATIVE,ANGER
Ύστερα από ένα MeToo που ορθώς πήρε τεράστιες διαστάσεις με γυναίκες να καταγγέλουν περιστατικά κακοποίησης με ονόματα,NEGATIVE,ANGER
αναρωτιέμαι τον λόγο που η Άννα Μαρία Βέλλη δεν έχει κατονομάσει ακόμα τον κακοποιητή πρώην σύντροφο της,NEGATIVE,ANGER
Μιας και έκανε την αρχή ας κάνει και το φινάλε,NEGATIVE,ANGER
Αυτό που φωνάζατε υπέρ του metoo πριν από τρία χρόνια και τώρα που πέθανε ο Μούτσης αρχίσατε τους διθυράμβους για την τέχνη του,NEGATIVE,ANGER
και σιγά τον καλιτέχνη πια που πήρε και τέτοια φήμη,NEGATIVE,ANGER
Και αυτό που όλοι λέτε ότι τον ξέρετε τώρα μετά θάνατον,NEGATIVE,ANGER
Να πούμε τώρα καμιά κουβέντα ή είναι κρυμμένα μυστικά και ντοκουμέντα;,NEGATIVE,ANGER
Πέθανε ο Μούτσης και βλέπω τις αναρτήσεις κάποιων που υποτίθεται ότι έχουν ευαισθησία με το metoo,NEGATIVE,ANGER
αλλά τελικά μάλλον είναι επιλεκτική,NEGATIVE,ANGER
Οι MeToo δεν είδαν απόπειρα γυναικοκτονίας στην Ερμού,NEGATIVE,ANGER
Είναι με τον ιρακινό κλασσικά,NEGATIVE,DISGUST
Αντικρουόμενα συμφέροντα το δίχως άλλο,NEGATIVE,ANGER
Προτεραιότητα προφανώς έχει η μπίζνα με τους ανεξέλεγκτους λάθρο οπότε το MeToo τηρεί σιωπή ιχθύος,NEGATIVE,ANGER
άλλωστε δεν πάει κανείς ενάντια στους χορηγούς του σωστά?,NEGATIVE,ANGER
29 κατασκευές πλυντηρίων συνιστούν Greece 2.0 😉👌,POSITIVE,JOY
Μπήκα στο MeToo και δεν διάβασα ούτε μισή λέξη για την Νικολέττα Καλογερίδη,NEGATIVE,ANGER
την άτυχη 22χρονη που μαχαίρωσε ο Ιρακινός στην Ερμού,NEGATIVE,SADNESS
Γιατί έτσι ρε παιδιά;,NEGATIVE,ANGER
Πουτάνες φεμινίστριες,NEGATIVE,ANGER
Me too,NEUTRAL,NO-EMOTION
Αλλά όχι στην Ερμού,NEGATIVE,ANGER
Μια κοπέλα μαχαιρώθηκε την ώρα που πήγαινε στη δουλειά της στην Ερμού σε ένα σημείο που βρίσκεται τόσος κόσμος καθημερινά,NEGATIVE,SADNESS
φοβόμαστε να κυκλοφορούμε στην ομόνοια τώρα δε θα μπορούμε πουθενά,NEGATIVE,FEAR
Μαζέψτε τους έχει παραγίνει το κακό,NEGATIVE,ANGER
Που είστε ρε metoo  πληρωμένα τίποτα για το περιστατικό στην ερμού?,NEGATIVE,ANGER
Ψάχνω ψάχνω ξαναψάχνω,NEUTRAL,NO-EMOTION
"Η προπαγάνδα θέλει σωστή διαχείριση σωρόπαιδα 🤑
",NEGATIVE,DISGUST
Για τα προσχήματα,NEUTRAL,NO-EMOTION
"Αλλιώς θα σας πάρουν χαμπάρι και οι ""τυφλοί"" 🤬🤬",NEGATIVE,ANGER
Όποιος διανοηθεί να μπει στα τσαντίρια να κάνει το ίδιο θα έχει απέναντι του όλες τις λεγεώνες της Ρώμης,NEGATIVE,ANGER
μάλλον θα αφεθεί ελεύθερος γιατί είναι αλλοδαπός και δεν θα ακούσουμε και κάτι από τους MeToo,NEGATIVE,ANGER
To Metoo είναι για τα θύματα,POSITIVE,JOY
Μη φανταστείτε τίποτα κυκλώματα με μπράβους που εκβιάζουν ανθρώπους που το χρησιμοποιούν για να συκοφαντούν και να καταστρέφουν τους αντιπάλους τους ή να απειλούν με οικονομικό όφελος και φήμη,NEGATIVE,DISGUST
Για τα θύματα είναι βρε,NEGATIVE,ANGER
Περιμένω τις MeToo να βγούν να διαδηλώσουν για την έμφυλη βία και κατά της πατριαρχίας 🤡🤡🤡,NEGATIVE,ANGER
Πολύ σωστά τα λες μωράκι,POSITIVE,JOY
metoo από άντρα σε γυναίκα,NEUTRAL,NO-EMOTION
δεν έγινε κάτι από γυναίκα σε άντρα ❌⛔️☢️,NEGATIVE,ANGER
"Η αντιπολίτευση καταψηφίζει το νέο νομοσχέδιο για αυστηροποίηση των ποινών για απόπειρα βιασμού από 8 στα 20 έτη,εμπρησμό δάσους,παραβίαση κόκκινου σηματοδότη που επιφέρει βαριά σωματική βλάβη ή θάνατο, τοκογλυφία, απάτη, υπεξαίρεση και άλλα",NEGATIVE,ANGER
Πραγματικά γιατί τρώει κράξιμο εδώ πέρα;,NEGATIVE,SURPRISE
"Το Ισραήλ με γραφικότητες τύπου ""MeToo, Unless You're A Jew"" αποσπούσε δηλώσεις καταδίκης της Χαμάς και εξασφάλιζε κινητοποιήσεις σε όλη τη Δύση αλλά όταν ο ΟΗΕ βγάζει αναφορές για βιασμούς γυναικών αιχμαλώτων η παγκόσμια κοινότητα σιωπά",NEGATIVE,ANGER
ρε metoo αν δεν το έχετε πάρει χαμπάρι βιάζουν και εξευτελίζουν παλαιστίνιες,NEGATIVE,ANGER
είμαστε με τον άνθρωπο ή όχι?,NEGATIVE,ANGER
Όχι,NEUTRAL,NO-EMOTION
το MeToo έχει κάνει τιτάνιο αγώνα κατά αυτού του μουσουλμανικού βαρβαρικού εθίμου που δεν έχει θέση σε πολιτισμένες κοινωνίες πια,POSITIVE,JOY
Τι όχι;,NEUTRAL,SURPRISE
Τι κάνει το φεμινιστικό κίνημα για αυτό;,NEGATIVE,ANGER
Σε λίγο οι γυναίκες θα είμαστε μειοψηφία και θα χάσουμε ότι έχουμε κερδίσει διαχρονικά με αγώνες,NEGATIVE,SADNESS
"Εξ' άλλου όλοι γνωρίζουμε ότι όροι όπως ""μισογυνισμός"", ""οικογενειακή βία"", ""έγκλημα τιμής"", ""γυναικοκτονία"" ή το MeToo δεν καταγράφουν το ποινικό μητρώο της πατριαρχίας ούτε αγγίζουν τους μοντελοπνίχτες αλλά προέκυψαν εξαιτίας των ζηλιάρηδων γκέι",NEGATIVE,ANGER
"το ότι αγκαλιάζετε κάθε παιδί είναι το επίφοβο, με Μίχους, Γεωργιάδη Νίκο, Λιγνάδη, κάτι προπονητές και γυμναστές του metoo στο κόμμα σας",NEGATIVE,ANGER
κάτι χαμένα ασυνόδευτα προσφυγόπουλα,NEGATIVE,SADNESS
Νομιμοποιείτε το εμπόριο μήτρας και παιδιών,NEGATIVE,DISGUST
"Ίσως οι γυναίκες που αισθάνονται έστω και από αμηχανία την ""ανάγκη"" να χασκογελάσουν με τέτοιους ανεκδιήγητους, σχολιασμούς, να έχουν ακούσει για το κίνημα metoo",NEGATIVE,ANGER
οπότε απλώς ντροπή και σε αυτές,NEGATIVE,DISGUST
Αρχικά ο Γαβαλάς και ο Φιλιππίδης δεν μπήκαν μέσα για τον ίδιο λόγο,NEUTRAL,NO-EMOTION
Όσο για το τι κρατάει μια ζωή και τι όχι την απάντηση θα έπρεπε να τη γνωρίζουμε όλοι,NEGATIVE,ANGER
Τα τραύματα του θύματος κρατάνε μια ζωή,NEGATIVE,SADNESS
Ο βιασμός είναι κάτι που ζεις μαζί του μια ζωή,NEGATIVE,SADNESS
Έχει ανοίξει ο ασκός του Αιόλου,NEGATIVE,ANGER
Μέχρι πότε θα συνεχίζεται αυτό;,NEGATIVE,ANGER
Πότε τα ευρωπαϊκά κράτη θα αποφασίσουν από κοινού να κλείσουν τα σύνορα;,NEGATIVE,ANGER
Τι θέλουν να κερδίσουν πραγματικά με το να τους αφήνουν να μπαίνουν λαθραία στις χώρες;,NEGATIVE,ANGER
Που είναι το meetoo;,NEGATIVE,ANGER
Στην Κατάνια της Ιταλίας 7 Αιγύπτιοι βίασαν ένα 13χρονο κορίτσι,NEGATIVE,ANGER
Οι Ιταλίδες του metoo σιώπησαν γιατί οι θύτες είναι Αιγύπτιοι,NEGATIVE,ANGER
Όπως σιωπούν και εδώ,NEGATIVE,ANGER
"Όπως σιωπούν και στους καθημερινούς βιασμούς από Αφρικανούς ή Ασιάτες στις γερμανικές πόλεις, στις σουηδικές, στις νορβηγικές",NEGATIVE,ANGER
Δεν την δέρνεις σε φτύνει,NEGATIVE,ANGER
Την δέρνεις σε πάει στο MeToo,NEGATIVE,ANGER
Δηλαδή πως να καταλάβει κάποιος τι θέλετε επιτέλους;,NEGATIVE,ANGER
Βοήθεια ,NEGATIVE,FEAR
Εσείς που ξέρετε απο αυτά με το «το δικό μου είναι μεγάλο θα χορτάσεις» του ηλικιωμένου τοιούτου στη ψησταριά την ώρα που μου έδινε τις φακές είναι metoo;,NEGATIVE,ANGER
Να βγω στα δέντρα;,NEGATIVE,SURPRISE
Οι μπάτσοι επιτρέπουν σε κολλητούς βιαστών να βοηθούν σε συλλήψεις για ξέπλυμα και εσείς αναρωτιέστε ακόμα γιατί η Γεωργία και η Γεωργία καταφεύγουν στο εξωτερικό για να δικαιωθούν,NEGATIVE,ANGER
Χθες άκουσα μια συνέντευξη που μου είχε διαφύγει,NEUTRAL,NO-EMOTION
Ναι οι μηχανισμοί της εξουσίας οι μηχανισμοί της ΝΔ πληρώνουν να κατεβάζουν καταγγελίες που έχουν να κάνουν με ονόματα πολιτικών γόνων,NEGATIVE,ANGER
Καλώς ή κακώς τα ΜΚΔ είναι μέσα καταγγελιών,NEGATIVE,ANGER
Το metoo ξεχάστηκε,NEGATIVE,SADNESS
Ευγένιε για να βγάζεις τέτοιο μένος για τους μαύρους αρχίζω να πιστεύω ότι συζείς με μαύρο γκόμενο που σε κακομεταχειρίζεται,NEGATIVE,SADNESS
Σε παρατάει συνέχεια σπίτι μόνο σου και όταν γυρνάει μεθυσμένος τα χαράματα σε ξυπνάει και σε δέρνει,NEGATIVE,SADNESS
Απευθύνσου στο MeToo μην το κρατάς μέσα σου,NEGATIVE,SADNESS
"Έχουν καταλάβει ότι άμα πετάξεις τη μαγική λέξη ""βιασμός"" σε υποστηρίζουν όλες οι φεμιναζί του MeToo",NEGATIVE,ANGER
Έτσι θα κουκουλώνονται απο δώ και έπειτα όλες οι φόνισσες,NEGATIVE,ANGER
Δεν βγάζεις άκρη με τους MeToo,NEGATIVE,ANGER
Το ψέμα έχει γίνει η δεύτερη φύση τους σε όποια ηλικία και αν βρίσκονται,NEGATIVE,DISGUST
Τους πειράζει τόσο ο όρος γυναικοκτονια γιατί δεν μπορούν εύκολα να θυματοποιηθούν και να έχουν άλλοθι για τη σκατοσυμπεριφορά τους απέναντι σε γυναίκες,NEGATIVE,DISGUST
Δεν σε κακοποιεί ή δολοφονεί επειδή είσαι γυναίκα,NEGATIVE,ANGER
αλλά επειδή δεν έχει ανθρωπιά και συμπόνια για τους συνανθρώπους του ανεξαρτήτως φύλου και του αρέσει να λύνει τις διαφορές του με τη βία,NEGATIVE,ANGER
"Χειρότεροι και απο τις μίσανδρες φεμινίστριες και εν δυνάμει ανδροκτόνες είναι οι ""αλληλέγγυοι"" pickme άνδρες""",NEGATIVE,ANGER
που για να καταφέρουν να γλείψουν κάνα βρώμικο φεμινιστικό μουνί αρνούνται μέχρι και τον πατέρα τους,NEGATIVE,DISGUST
Ακόμα μια ανδροκτονία,NEGATIVE,SADNESS
στην Χαλκίδα αυτή τη φορά,NEUTRAL,NO-EMOTION
Επιτέλους κάτι πρέπει να γίνει με όλες αυτές τις ανδροκτονίες και τα περιστατικά έμφυλης βίας κατά ανδρών και αγοριών από γυναίκες,NEGATIVE,ANGER
ρε βλαμμένοι ρε ζώα του πεταματού και της αποχέτευσης η μάχη των 2 φύλων σταματάει στην εφηβεία,NEGATIVE,ANGER
καλά μας λένε οι  γυναίκες τελικά ότι μέχρι τα 12 ωριμάζουμε και μετά απλά ψηλώνουμε,NEGATIVE,ANGER
τι κόλλημα φάγατε με τις λέξεις? ,NEUTRAL,SURPRISE
Οι γυναίκες είναι ΑΝΘΡΩΠΟΙ,NEGATIVE,ANGER
Οι άνδρες είναι ΑΝΘΡΩΠΟΙ,NEGATIVE,ANGER
Τα παιδιά είναι ΑΝΘΡΩΠΟΙ,NEGATIVE,ANGER
Όταν δολοφονείται ένας ΑΝΘΡΩΠΟΣ έχουμε ανθρωποκτονία,NEGATIVE,ANGER
Η δράση ηλιθίων (Γυναικοκτονία),NEGATIVE,ANGER
φέρνει εφάμιλλη αντίδραση (Ανδροκτονία),NEGATIVE,ANGER
Είδατε κανένα ποστ από τις MeToo του τουίτερ για την  ανδροκτονία αυτή (γιατί τώρα μπήκα να μην ψάχνω) ή δεν τρέχει τίποτα αφού οι άντρες είναι γουρούνια;,NEGATIVE,ANGER
ΑΝΤΡΟΚΤΟΝΙΑ ξανά,NEGATIVE,ANGER
Άσχημα ξεκίνησε το 2024 γεμάτο δολοφονίες/επιθέσεις σε άντρες από γυναίκες,NEGATIVE,SADNESS
Κάτι πρέπει να γίνει,NEGATIVE,ANGER
Να βγούμε στους δρόμους να κάνουμε διαδηλώσεις να αλλάξουν οι νόμοι,NEGATIVE,ANGER
Ακούει κανείς ή δε πουλάει;,NEGATIVE,ANGER
Οι ευαισθητούληδες ανθρωπιστές με τον άνθρωπο MeToo κλπ σκατά του αριστερού βόθρου,NEGATIVE,DISGUST
"κάπου έχουν βάλει τα πανό που γράφει ""δικαιοσύνη"" και τώρα δεν τα βρίσκουν αλλιώς θα κατέβαιναν να διαδηλώσουν",NEGATIVE,ANGER
Δεν είναι μόνο ο Λαμπάτος που βρίσκεται στην ανεργία,NEGATIVE,SADNESS
είναι πολλοί καλλιτέχνες που κατήγγειλαν ανθρώπους και καταστάσεις την περίοδο του MeToo,POSITIVE,JOY
Απο την άλλη κάτι Μαρκουλάκηδες που είχαν αποτραβηχτεί ξαναεπανήλθαν δυναμικά,NEGATIVE,DISGUST
"Δεν είδα να μιλάτε για τον Γιώργο Λαμπάτο που τόλμησε να ""χαλάσει"" τη φήμη του Σεφερλή και κατέληξε σε ένα υπόγειο 15τ.μ.",NEGATIVE,ANGER
κάτω από άθλιες συνθήκες διαβίωσης,NEGATIVE,SADNESS
Και δεν πρόκειται να ξανά βρει δουλειά στον αιώνα τον άπαντα,NEGATIVE,SADNESS
Μετά αναρωτιεστε γιατί τα θύματα δεν μιλάνε;,NEGATIVE,ANGER
Εμφανής ο ρατσισμός των προοδευτικών εδώ μέσα και των MeToo που είναι κατά της πατριαρχίας και κουραφέξαλα,NEGATIVE,ANGER
με την αφωνία τους για την μαστροπό Λορέλα ή όπως στον διάολο την λένε,NEGATIVE,ANGER
Αν δεν είναι άντρας ο μαστροπός σαν τον Μίχο δεν σκούζουν,NEGATIVE,ANGER
"Και άραγε την κακοποίηση που βιώνουμε εμείς κάθε φορά, αυτή την κακοποίηση σε ποιον θα την καταγγείλουμε?",NEGATIVE,FEAR
Η ταραχή και ο φόβος που βιώνουμε εμείς κάθε φορά που τον ακούμε να βρίζει και να κοπανάει πράγματα που καταγγέλεται?,NEGATIVE,FEAR
Αλλά για εμάς είναι άλλη μια Κυριακή μεσημέρι,NEGATIVE,SADNESS
Αναρωτιέμαι τι άλλο μπορείς να κάνεις για να σταματήσει αυτό να γίνεται?,NEGATIVE,ANGER
Φταίει ο νόμος?,NEGATIVE,SURPRISE
Φταίμε εμείς?,NEGATIVE,SURPRISE
Την ώρα που ήρθαν τον άκουσαν που φώναζε και κοπανουσε πράγματα,NEGATIVE,FEAR
Για να τον μαζέψουν τι πρέπει να συμβεί?,NEGATIVE,ANGER
Αυτή κάθε φορά κλαίει,NEGATIVE,SADNESS
"Εδώ από κάτω ένας ""γιος"" κακοποίητικος εδώ και 7 χρόνια που ζούμε στην πολυκατοικία βρίζει, φωνάζει και τρομοκρατεί την ""μάνα"" του",NEGATIVE,ANGER
Σήμερα ήταν η πέμπτη φορά που πήρα το 100,NEGATIVE,ANGER
Ήρθαν,NEUTRAL,NO-EMOTION
Αν την σκοτώσει τι θα λέμε?,NEGATIVE,ANGER
Είχε 5 καταγγελίες?,NEGATIVE,SURPRISE
να αποκτήσει νόμιμο κληρονόμο,NEUTRAL,NO-EMOTION
Νοικυρίστικα πράματα,NEUTRAL,NO-EMOTION
Μια παρένθετη κύηση κοστίζει 100 χιλιάρικα και αν νομίζεις πως η γύφτισσα που αναγκάστηκε να γεννήσει είχε επιλογή να σου θυμίσω πως στην Αγία Βαρβάρα δεν περάσανε,NEGATIVE,ANGER
Eπειδή ΔΕΝ ΥΠΑΡΧΟΥΝ διεθνώς διάσημες γύφτισσες ινφλού,NEGATIVE,ANGER
Μπράβο στον Πατέρα,POSITIVE,JOY
Για εσάς που διαφωνείτε με την πράξη του αν ποτέ σας κακοποιήσουν το παιδί(το απεύχομαι) κάντε τους πολιτισμένους,NEGATIVE,ANGER
"Για να πάψουν οι παρενοχλήσεις, οι γυναικοκτονίες και τα σχετικά",NEGATIVE,ANGER
οι άντρες θα πρέπει να εναντιωθείτε απέναντι στα σκουπίδια και στους δολοφόνους όχι εμείς οι γυναίκες,NEGATIVE,ANGER
Οι άντρες θα έπρεπε να βγείτε στους δρόμους για να μας υποστηρίξετε,NEGATIVE,ANGER
όχι να το κάνετε τουμπεκί,NEGATIVE,ANGER
Μια γυναίκα και ένα αγέννητο παιδί χάθηκαν από τα χέρια ενός προβληματικού Ελληναρά άντρακλα,NEGATIVE,SADNESS
από το κακό στο χειρότερο πάμε 🥺,NEGATIVE,SADNESS
Νομική αναγνώριση του όρου γυναικοκτονία ΤΩΡΑ,NEGATIVE,ANGER
Εάν της έβγαζαν με το ζόρι την μαντήλα τότε θα εμφανιζόταν το MeToo,NEGATIVE,ANGER
Πφφφφφφ,NEGATIVE,DISGUST
Οι metoo είναι μόνο σε χώρες που τους παίρνει να μιλάνε και να το παίζουν μάγκες,NEGATIVE,ANGER
Γιατί δεν πάνε σε μουσουλμανικές χώρες να κάνουν καμία διαδήλωση?,NEGATIVE,ANGER
Αν κάποιος γνωρίζει την κοπέλα προσωπικά να την βοηθήσει πρίν να είναι αργά,NEGATIVE,FEAR
Γιατί το metoo και το metoogr έχουν κάνει γαργάρα την κακοποίηση των γυναικών που δρομολογείται,NEGATIVE,ANGER
Θέλουμε οι σοβαρά σκεπτόμενοι ΛΟΑΤΚΙ να υπερασπιστούν την μητρότητα,NEGATIVE,ANGER
Αυτοί με μάνες δεν μεγάλωσαν;,NEGATIVE,SURPRISE
γιατί θέλουν να υπάρχουν παιδιά που θα στερηθούν την μάνα τους?,NEGATIVE,SADNESS
Πίστεψα πως ο κ. Κακούρης με κάποιο τρόπο θέλησε να καταγγείλει ακόμη μια κακή συμπεριφορά στο θέατρο απο έναν σκηνοθέτη,NEGATIVE,ANGER
Σήμερα διάβασα πως επιθυμεί το θέμα να θεωρηθεί λήξαν,NEGATIVE,ANGER
Τελικά μετά το metoo τα πράγματα δεν άλλαξαν και πολύ,NEGATIVE,SADNESS
Ο φόβος και η σιωπή κυριαρχούν ακόμη,NEGATIVE,FEAR
Όταν στην Αμερική είχε σκάσει το σκάνδαλο για βιασμούς γυναικών οι εγχώριοι ευαίσθητοι έφτιαξαν το metoo,NEGATIVE,ANGER
Τώρα που σκάει σκάνδαλο παιδεραστίας ούτε ένα σχόλιο γιατί ρε μάγκες?,NEGATIVE,ANGER
Αν είναι δυνατόν,NEGATIVE,DISGUST
Το 12χρονο παλιοκόριτσο δεν ήθελε να υποκύψει στις ορέξεις του 48χρονου συζύγου της,NEGATIVE,ANGER
Τι να κάνει ο άνθρωπος?,NEGATIVE,SURPRISE
Πήρε ένα πολυβόλο να την καθαρίσει,NEGATIVE,ANGER
Οι φίλοι του βρήκαν μια πιο μετρόπαθη λύση να της δείξει τι είναι άντρας βιάζοντάς την,NEGATIVE,DISGUST
Μη ψάξετε τις MeToo,NEGATIVE,ANGER
metoo ουπς λάθος,NEGATIVE,SADNESS
Ο θύτης είναι μουσουλμάνος είναι στην κουλτούρα του,NEGATIVE,DISGUST
Βάρα και άλλο,NEGATIVE,SADNESS
Στο σπίτι με τους μουσουλμάνους,NEUTRAL,NO-EMOTION
Εδώ μια γυναίκα διακόπτει τον άντρα της που τραγουδάει,NEUTRAL,NO-EMOTION
Της επιτίθεται βάναυσα με κλωτσομπουνίδια,NEGATIVE,ANGER
την πατά στο κεφάλι μπροστά στα παιδιά τους,NEGATIVE,SADNESS
Όχι μόνο να έρχονται εδώ όλοι όσοι θέλουν οι διακινητές αλλά να τους παντρεύονται κιόλας οι αλληλέγγυες του MeToo και η Ματίκα,NEGATIVE,ANGER
που φωνάζουν ρατσιστή και φασίστα όποιον τολμάει να θίξει την συγκεκριμένη κουλτούρα,NEGATIVE,ANGER
ΚΤΗΝΗ ΑΠΟ ΑΦΡΙΚΗ ΛΕΝΕ ΠΟΣΟ ΠΟΛΛΟΙ ΤΟ ΑΠΟΛΑΜΒΑΝΟΥΝ ΑΥΤΕΣ ΠΟΥ ΒΙΑΖΟΥΝ,NEGATIVE,ANGER
Η ΜΟΝΗ ΤΟΥΣ ΑΓΩΝΙΑ ΕΙΝΑΙ ΠΟΥ ΟΥΡΛΙΑΖΟΥΝ ΚΑΙ ΕΤΣΙ ΓΕΙΤΟΝΕΣ ΜΠΟΡΕΙ ΝΑ ΞΥΠΝΗΣΟΥΝ ΚΑΙ ΝΑ ΜΗΝ ΠΡΟΛΑΒΟΥΝ ΝΑ ΞΕΚΑΥΛΩΣΟΥΝ ΣΤΑ ΒΙΑΣΜΕΝΑ ΚΟΡΜΙΑ,NEGATIVE,ANGER
Η ΕΥΡΩΠΗ ΕΙΝΑΙ ΤΙΓΚΑ ΑΠΟ ΑΥΤΕΣ ΤΙΣ ΚΤΗΝΟΣΑΥΡΕΣ,NEGATIVE,ANGER
ΕΙΣΑΓΓΕΛΕΑΣ ΑΚΟΥΕΙ;,NEGATIVE,ANGER
Βάλε δύο διαστήματα στο psychotherapist που δηλώνεις,NEGATIVE,ANGER
και έχεις το κράτος του Ισραήλ με τρείς λέξεις για τη γενοκτονία που κάνει εδώ και 75 χρόνια,NEGATIVE,ANGER
Έξτρα ξεφτίλα που μιλάς υποτιμητικά για το metoo,NEGATIVE,DISGUST
άθλια πικ μι,NEGATIVE,DISGUST
πλυντήριο γενοκτόνων και γυναικοκτόνων,NEGATIVE,ANGER
Το MeToo να πει τίποτα για τις χιλιάδες δολοφονημένες (και πολλές βιασμένες) άμαχες Παλαιστίνιες της Γάζας,NEGATIVE,ANGER
και να δει τα βίντεο των γυναικών ομήρων που απελευθερώθηκαν για να μην καταπίνει τα ψέματα των σιωνιστών,NEGATIVE,ANGER